#include "buzzoff_scene_sprite.h"

static const uint8_t scene_pixels[] = {
    0x00, 0x00, 0x00, 0x00, 0x3c, 0x66, 0x3c, 0xff, 0x2c, 0x43, 0x3d, 0xff, 0x15, 0x1c, 0x06, 0xff,
    0x13, 0x1a, 0x02, 0xff, 0x13, 0x18, 0x04, 0xff, 0x13, 0x18, 0x03, 0xff, 0x12, 0x18, 0x03, 0xff,
    0x12, 0x18, 0x02, 0xff, 0x12, 0x18, 0x01, 0xff, 0x11, 0x18, 0x02, 0xff, 0x12, 0x17, 0x03, 0xff,
    0x12, 0x17, 0x02, 0xff, 0x11, 0x17, 0x02, 0xff, 0x11, 0x17, 0x01, 0xff, 0x10, 0x14, 0x02, 0xff,
    0xcc, 0x76, 0x7c, 0x7c, 0x77, 0xc8, 0x8b, 0x77, 0x7b, 0x77, 0x76, 0x66, 0x67, 0xcb, 0xba, 0x67,
    0x7a, 0x78, 0xcc, 0xcc, 0xdb, 0xcc, 0xbc, 0x77, 0xc8, 0x76, 0x77, 0x68, 0x86, 0x68, 0x87, 0x77,
    0xc8, 0x77, 0xc7, 0x8d, 0x77, 0x8c, 0xc8, 0x7d, 0xcb, 0xcd, 0xc8, 0xcc, 0xc8, 0xc8, 0x66, 0x87,
    0xcc, 0xc8, 0x86, 0xc6, 0x88, 0x86, 0xc8, 0x88, 0x76, 0x76, 0xcc, 0x88, 0x66, 0x67, 0x67, 0xc7,
    0xc8, 0xc8, 0x8c, 0x77, 0x76, 0x68, 0xb8, 0xcc, 0x88, 0x88, 0xb8, 0x84, 0xc8, 0x67, 0x88, 0x6c,
    0xcc, 0xdc, 0xc8, 0x88, 0x76, 0x8c, 0xad, 0xb7, 0xbc, 0x87, 0x87, 0x88, 0xc8, 0x8c, 0xc8, 0x8d,
    0xdc, 0xa8, 0x78, 0x88, 0x67, 0x7d, 0xd8, 0x8c, 0xc8, 0xcd, 0xdd, 0xad, 0xc8, 0x87, 0xdd, 0xc7,
    0x87, 0xcc, 0xc7, 0x88, 0x87, 0xc8, 0x8c, 0xdd, 0xdc, 0xa6, 0xc7, 0xc6, 0xc8, 0xc8, 0x86, 0x6c,
    0x76, 0x6b, 0x56, 0x68, 0x86, 0xb8, 0x8c, 0x6c, 0x77, 0xcc, 0xbc, 0xcc, 0xc8, 0x78, 0x7c, 0xd7,
    0x8c, 0x66, 0x8c, 0x68, 0x65, 0x6c, 0x86, 0x66, 0xc6, 0xc8, 0xbc, 0x6c, 0xc7, 0x86, 0xc8, 0x86,
    0x77, 0x8b, 0x7b, 0x8c, 0xcc, 0x78, 0x86, 0x66, 0xc8, 0x56, 0x8c, 0x47, 0x87, 0x86, 0x4c, 0x77,
    0x68, 0x56, 0x68, 0x88, 0x66, 0x68, 0x56, 0x66, 0x88, 0xc4, 0x84, 0x77, 0x67, 0x64, 0x8c, 0x44,
    0x48, 0x4c, 0x77, 0x68, 0x8c, 0x6c, 0xc6, 0x68, 0x8c, 0x6c, 0x86, 0x88, 0x68, 0x86, 0x6c, 0xcb,
    0x8b, 0xcc, 0xcc, 0xc8, 0x6e, 0x6c, 0x68, 0x68, 0xac, 0x88, 0x6d, 0x76, 0x47, 0xce, 0xc6, 0x67,
    0x67, 0x8c, 0xb8, 0x87, 0x86, 0x78, 0x74, 0xbc, 0xcc, 0x87, 0x67, 0x87, 0x86, 0x66, 0x86, 0xac,
    0xdd, 0xd6, 0x7d, 0xcc, 0xbc, 0xc8, 0xc6, 0xb8, 0x68, 0xcc, 0x56, 0xbc, 0x68, 0x87, 0x77, 0x66,
    0x67, 0x8b, 0xce, 0xdc, 0xc8, 0x87, 0x6b, 0xb7, 0x6c, 0x68, 0x6c, 0xb8, 0x66, 0x66, 0x66, 0xb6,
    0x66, 0x87, 0x86, 0xcc, 0xc8, 0x7c, 0xbc, 0x7c, 0x7c, 0x7c, 0xbc, 0xec, 0xb6, 0x8b, 0x68, 0x86,
    0x87, 0x77, 0x67, 0x87, 0x85, 0x67, 0x8c, 0x77, 0x87, 0x6c, 0xb7, 0x68, 0xc6, 0x86, 0x88, 0x86,
    0x78, 0x8c, 0x77, 0xc6, 0x48, 0x76, 0x67, 0x78, 0x68, 0x77, 0xbc, 0xc8, 0x9e, 0x98, 0xc6, 0x88,
    0xd6, 0x88, 0xb6, 0x6c, 0xa9, 0xc8, 0x7d, 0x77, 0xcd, 0x7c, 0xc6, 0x7c, 0x8c, 0xd8, 0x88, 0x6c,
    0xcd, 0x7e, 0x6c, 0x8d, 0x76, 0x6e, 0x76, 0xb8, 0x88, 0x88, 0x66, 0x86, 0x6b, 0xc8, 0x86, 0xc7,
    0xb6, 0xbc, 0x6c, 0xc8, 0x6c, 0xb8, 0xb8, 0x7c, 0xcb, 0xc7, 0xb8, 0xb7, 0x7c, 0x7c, 0x6e, 0xbd,
    0x7d, 0xcc, 0xcc, 0x8b, 0x77, 0x6b, 0x76, 0x86, 0x78, 0x67, 0x6c, 0x6c, 0x66, 0x56, 0x6b, 0x67,
    0xc6, 0xcb, 0x66, 0x66, 0x87, 0x65, 0x67, 0x6c, 0x67, 0xcc, 0x67, 0x66, 0xbc, 0x87, 0x6c, 0x86,
    0xc8, 0xcc, 0x8b, 0x76, 0x86, 0x86, 0x66, 0x66, 0x68, 0x66, 0x67, 0x77, 0x58, 0x68, 0x77, 0xc7,
    0x77, 0x68, 0xc7, 0xc6, 0x76, 0x68, 0x6c, 0xb7, 0x77, 0x65, 0x66, 0x67, 0x66, 0x76, 0x66, 0xc8,
    0x67, 0x8c, 0x6e, 0xce, 0xee, 0xee, 0xe8, 0x8c, 0x6c, 0x89, 0x8a, 0x9c, 0xcc, 0xc7, 0xcd, 0xcc,
    0x8b, 0x8c, 0x77, 0xce, 0x6c, 0xe8, 0x88, 0x66, 0x88, 0x67, 0x88, 0x68, 0x88, 0x98, 0xc8, 0x66,
    0x88, 0x88, 0x88, 0x6c, 0x8c, 0x57, 0x8c, 0xcc, 0xb6, 0xcc, 0xcc, 0xe7, 0x77, 0xcb, 0x87, 0x7c,
    0xcd, 0xa7, 0xb6, 0xdd, 0x68, 0xdd, 0xdc, 0xcc, 0xbd, 0xcd, 0xb8, 0xdc, 0xc7, 0x76, 0x67, 0x6b,
    0xb8, 0x7c, 0x7e, 0xbb, 0xc6, 0x87, 0xbc, 0x66, 0x66, 0x56, 0xb7, 0x65, 0x68, 0x78, 0x6c, 0x77,
    0xb7, 0x67, 0x66, 0xc8, 0x67, 0xb8, 0x78, 0x86, 0x68, 0x68, 0xcc, 0xc8, 0xb6, 0x8c, 0x66, 0x68,
    0x68, 0x66, 0x65, 0x67, 0x86, 0x86, 0x88, 0xbc, 0x58, 0xb7, 0x77, 0xc6, 0x67, 0x68, 0x57, 0x66,
    0x6b, 0x67, 0x76, 0x67, 0x67, 0x86, 0x66, 0x74, 0x6d, 0x88, 0xb8, 0xdc, 0xec, 0xee, 0xec, 0xc8,
    0xbc, 0xec, 0xe7, 0xee, 0xc8, 0xcc, 0x7b, 0xdc, 0xd8, 0x7c, 0xde, 0xd6, 0x8a, 0xbe, 0x7b, 0x48,
    0x88, 0xe8, 0x78, 0x8c, 0x88, 0xde, 0xe8, 0xb7, 0xce, 0x66, 0x78, 0x88, 0x65, 0x86, 0xd7, 0x8c,
    0x68, 0x9c, 0xc8, 0xdc, 0xcb, 0xec, 0xcc, 0xde, 0xce, 0x7b, 0xdd, 0xde, 0xce, 0xe6, 0x68, 0xcc,
    0xee, 0xbc, 0xdb, 0x66, 0x67, 0xbb, 0x87, 0x6c, 0x65, 0xc7, 0xb8, 0x68, 0x86, 0x7c, 0x78, 0x66,
    0x58, 0x7c, 0xc7, 0xc5, 0x68, 0x64, 0x6c, 0x87, 0x8b, 0x7c, 0xb8, 0x6c, 0xbc, 0xc8, 0x68, 0x84,
    0x78, 0x8c, 0x88, 0x78, 0x8c, 0x86, 0x78, 0xc6, 0x45, 0x68, 0x66, 0x86, 0xc5, 0x66, 0x88, 0x7c,
    0x8c, 0x86, 0x76, 0x86, 0x5c, 0x6c, 0x67, 0x67, 0x66, 0x68, 0x56, 0x85, 0xc6, 0xc6, 0x7b, 0x66,
    0x67, 0xc8, 0xcb, 0x7d, 0xce, 0xec, 0xcc, 0x8c, 0xde, 0xc6, 0xe6, 0x9e, 0xe8, 0x86, 0x7a, 0xde,
    0x7d, 0xc8, 0x7d, 0xda, 0xcc, 0x87, 0x8d, 0xdc, 0x67, 0x76, 0x7e, 0xce, 0x68, 0xc7, 0xd7, 0xcc,
    0xcd, 0xb9, 0xc8, 0x6c, 0xc8, 0x87, 0x8c, 0x88, 0xcc, 0x7c, 0x8c, 0xcc, 0xc6, 0xab, 0xce, 0xed,
    0xcd, 0xeb, 0x78, 0x7d, 0xdb, 0xbd, 0xc8, 0xe8, 0xbd, 0xb7, 0xe8, 0x87, 0x65, 0x66, 0x87, 0x68,
    0x6c, 0x8c, 0x8c, 0x68, 0x77, 0xc4, 0x88, 0x77, 0x86, 0x67, 0x68, 0x66, 0x86, 0x65, 0xc7, 0x66,
    0x5b, 0xbc, 0x6c, 0x68, 0x5c, 0x78, 0xc8, 0x67, 0xcc, 0x66, 0x86, 0x76, 0x64, 0x68, 0x86, 0x74,
    0x58, 0x86, 0xc5, 0x57, 0x67, 0x58, 0x77, 0x68, 0x87, 0x86, 0x68, 0x56, 0x67, 0x76, 0x76, 0x85,
    0x66, 0x68, 0x75, 0x86, 0xb6, 0x87, 0xc5, 0x67, 0x67, 0x6e, 0xc8, 0xce, 0xec, 0xcc, 0x8e, 0xcc,
    0xcc, 0xe9, 0xc9, 0x78, 0x8c, 0x8c, 0x7c, 0xb6, 0x7d, 0x8c, 0x8c, 0xda, 0xda, 0x88, 0x6c, 0xc7,
    0xde, 0x98, 0x67, 0xad, 0x88, 0x6a, 0xd7, 0xe8, 0xce, 0xca, 0xc4, 0xc7, 0x4c, 0x88, 0xdc, 0x77,
    0x8b, 0x7c, 0xce, 0xed, 0x6d, 0xe7, 0xcd, 0xde, 0xbb, 0xd7, 0xdc, 0xdc, 0xbc, 0xdd, 0xdc, 0xbb,
    0x7b, 0xcd, 0xac, 0x6c, 0x78, 0xcc, 0xa9, 0x88, 0xb8, 0x8c, 0xc6, 0xc7, 0xc8, 0x8c, 0xcc, 0x86,
    0x78, 0x68, 0xbc, 0xb6, 0x66, 0x66, 0x76, 0xcc, 0xb6, 0x66, 0x68, 0x6b, 0x78, 0x68, 0x86, 0x78,
    0x68, 0x86, 0x86, 0x76, 0x66, 0x86, 0x88, 0xb5, 0x66, 0x65, 0x77, 0x58, 0x66, 0x75, 0x68, 0x84,
    0x6b, 0x68, 0x86, 0x87, 0x7c, 0x66, 0x74, 0x88, 0x66, 0x68, 0x57, 0x48, 0x67, 0x76, 0x76, 0x6c,
    0x68, 0xc6, 0xbd, 0xcc, 0xdd, 0xed, 0xdd, 0xec, 0xd9, 0xed, 0xe9, 0xee, 0xde, 0xdc, 0xcc, 0xce,
    0xb6, 0x87, 0xac, 0xce, 0xec, 0xeb, 0xed, 0xcc, 0xd8, 0x9d, 0xec, 0x7d, 0x9c, 0xec, 0xce, 0xdd,
    0xdc, 0xc8, 0xc8, 0x86, 0xc6, 0xbc, 0x77, 0xc7, 0x8c, 0xdc, 0xdc, 0xbc, 0xdc, 0xbe, 0xcd, 0x7c,
    0x6c, 0xcc, 0xdc, 0xd8, 0xbc, 0xe6, 0xec, 0x8d, 0xce, 0x6d, 0x77, 0x77, 0x67, 0x66, 0x67, 0x68,
    0x8c, 0xb6, 0x87, 0x6c, 0x66, 0x8c, 0x77, 0xbb, 0xc8, 0xd7, 0x88, 0x6c, 0x65, 0x68, 0xb6, 0xc8,
    0x66, 0x86, 0x78, 0x4c, 0x78, 0x47, 0x77, 0xca, 0x7a, 0xdc, 0x86, 0x66, 0x68, 0x86, 0x7c, 0x58,
    0x56, 0x68, 0x67, 0x76, 0x67, 0x66, 0x76, 0x6c, 0x86, 0x77, 0x77, 0x77, 0x77, 0x68, 0x66, 0x67,
    0x66, 0x87, 0xc5, 0x66, 0x78, 0x77, 0x68, 0x67, 0xb7, 0x8a, 0xb8, 0x8c, 0xde, 0xc7, 0x8e, 0xee,
    0x48, 0x6e, 0x88, 0xc8, 0xcc, 0xeb, 0xc8, 0xd8, 0xe7, 0x86, 0xec, 0x8c, 0xce, 0x8e, 0xd8, 0xbc,
    0x48, 0x8d, 0xde, 0xcc, 0xd8, 0x8c, 0xd8, 0xe8, 0x88, 0x88, 0x6c, 0xb7, 0x86, 0x7c, 0x88, 0x6c,
    0xc7, 0xcc, 0xcc, 0xcc, 0x87, 0xd6, 0x7c, 0xdd, 0xc7, 0xdc, 0xcd, 0xdd, 0xcd, 0xdc, 0xd7, 0xd8,
    0xc6, 0x78, 0x76, 0x8c, 0x57, 0x6c, 0xc8, 0xc7, 0xcc, 0x66, 0x68, 0x8b, 0x86, 0x66, 0xc8, 0x76,
    0x7b, 0x7c, 0x7c, 0x6c, 0x78, 0xc8, 0x66, 0x66, 0x66, 0x66, 0x86, 0x85, 0xc8, 0x68, 0x78, 0x7c,
    0x86, 0xcc, 0x76, 0x6c, 0x74, 0x88, 0xd8, 0x76, 0x76, 0x67, 0x66, 0x76, 0x76, 0x76, 0x66, 0x6c,
    0x55, 0x86, 0x66, 0x6b, 0x77, 0x66, 0x65, 0x86, 0x68, 0x76, 0x65, 0x65, 0x66, 0x76, 0x6c, 0xbc,
    0x7c, 0x88, 0x88, 0x7c, 0xdc, 0xd8, 0xa8, 0x88, 0x98, 0xd8, 0xc6, 0x86, 0xdc, 0x8c, 0x88, 0x78,
    0x6c, 0x88, 0xec, 0xcc, 0xec, 0xcc, 0xec, 0xc8, 0x86, 0xbc, 0xee, 0xec, 0x88, 0xcc, 0xcc, 0x9c,
    0x78, 0x88, 0xc8, 0xb6, 0x78, 0xc6, 0x8c, 0x78, 0x67, 0xbe, 0xdc, 0xcc, 0xc7, 0x6c, 0xcc, 0xcd,
    0xce, 0xdd, 0xde, 0xcc, 0x78, 0x7b, 0xdb, 0xcb, 0x87, 0x86, 0x8b, 0xc7, 0x77, 0xcd, 0x86, 0xcb,
    0xcc, 0xb6, 0x88, 0xbb, 0x68, 0x66, 0x66, 0x68, 0x77, 0xc6, 0x66, 0x77, 0x77, 0x87, 0x88, 0x86,
    0x66, 0x66, 0x78, 0x88, 0x66, 0x77, 0x86, 0xca, 0xc7, 0xe8, 0x87, 0x67, 0x86, 0x78, 0xc7, 0x66,
    0x67, 0x86, 0x75, 0x56, 0x76, 0x77, 0x66, 0x85, 0x86, 0x66, 0x66, 0x8b, 0x87, 0x68, 0x75, 0x66,
    0x67, 0x67, 0x66, 0x67, 0x68, 0x87, 0x67, 0x66, 0x47, 0x7c, 0x88, 0xb8, 0x86, 0xd8, 0x88, 0x48,
    0x8c, 0x68, 0x88, 0x8c, 0x88, 0x88, 0x77, 0x88, 0x8c, 0x88, 0x7c, 0xcd, 0xc8, 0x78, 0xdc, 0xdc,
    0x8e, 0x6d, 0x8d, 0xcc, 0xcd, 0x8c, 0xce, 0xc9, 0x68, 0x87, 0xcd, 0xcc, 0xcd, 0x88, 0x88, 0xcc,
    0x66, 0xdc, 0xc6, 0xcc, 0xc6, 0x67, 0xe7, 0xdd, 0xcd, 0xec, 0xeb, 0xdc, 0xc6, 0x8b, 0xcd, 0xac,
    0x8b, 0x76, 0x7b, 0x76, 0x7c, 0x78, 0xd8, 0x87, 0xcc, 0x97, 0x87, 0xc6, 0x48, 0x6c, 0x7b, 0x78,
    0x7b, 0x8c, 0xcb, 0x66, 0x77, 0x76, 0x68, 0x67, 0x66, 0x68, 0x66, 0x6c, 0x68, 0x68, 0x88, 0x76,
    0x78, 0x6b, 0x88, 0x68, 0x86, 0xc6, 0x57, 0x66, 0x87, 0x67, 0x6b, 0x68, 0x65, 0x67, 0x67, 0x8c,
    0x56, 0x67, 0x56, 0x76, 0x6c, 0x86, 0x86, 0x67, 0x78, 0x67, 0x87, 0x64, 0x67, 0x87, 0x67, 0x67,
    0x76, 0x78, 0x6c, 0x6c, 0x67, 0x86, 0x88, 0x87, 0x8c, 0x88, 0x68, 0xbc, 0x88, 0x8b, 0x88, 0x8c,
    0x8c, 0x8c, 0x8d, 0xeb, 0xde, 0xe8, 0x86, 0x9e, 0xee, 0xae, 0xdc, 0xdc, 0xdc, 0xde, 0x7e, 0xce,
    0xce, 0xc9, 0xce, 0x8e, 0xee, 0xc8, 0x8e, 0x8b, 0xce, 0xdd, 0xcc, 0xcc, 0x78, 0x88, 0x7e, 0x8c,
    0xdd, 0xee, 0xed, 0xde, 0xdb, 0x8d, 0xdd, 0xed, 0xdd, 0x86, 0x67, 0xc7, 0xcb, 0x67, 0xcd, 0x8b,
    0xb8, 0x88, 0x7c, 0x6b, 0x7c, 0x7c, 0x6b, 0x86, 0x66, 0x97, 0x6b, 0x8b, 0x8c, 0x7b, 0x65, 0x68,
    0xc6, 0xc5, 0x66, 0x6c, 0x66, 0x67, 0x64, 0x8c, 0x67, 0x85, 0x67, 0x65, 0x86, 0x78, 0x78, 0x48,
    0xc7, 0xb6, 0x67, 0x66, 0x87, 0x75, 0x66, 0xb8, 0x78, 0x5c, 0x56, 0x76, 0x76, 0x68, 0x56, 0x68,
    0x66, 0x76, 0x77, 0x87, 0x57, 0x58, 0x57, 0x65, 0x85, 0x85, 0x78, 0x76, 0x67, 0x6c, 0x68, 0x68,
    0x67, 0x68, 0x88, 0x88, 0x67, 0x67, 0xb8, 0xc7, 0xca, 0x78, 0xce, 0xce, 0x7e, 0xce, 0xec, 0xc8,
    0x7c, 0xce, 0xed, 0xcd, 0xec, 0xee, 0xcb, 0x8c, 0xc8, 0x8c, 0xbe, 0xcc, 0xee, 0x68, 0x8b, 0x88,
    0xde, 0xc6, 0xb7, 0xcc, 0x77, 0x66, 0x8d, 0xdd, 0xcb, 0xe7, 0xdd, 0xdc, 0xdc, 0xc6, 0xc7, 0xbe,
    0xd8, 0x78, 0x76, 0x78, 0xd6, 0x7c, 0xa4, 0x66, 0x66, 0xc8, 0xbc, 0x8b, 0xc8, 0x78, 0xd6, 0x6d,
    0xb7, 0x7c, 0xbc, 0x7c, 0x7b, 0x75, 0x58, 0x46, 0x68, 0xc7, 0xc6, 0x67, 0x55, 0x68, 0x66, 0xc8,
    0x8c, 0x56, 0x66, 0x68, 0x68, 0x78, 0xc5, 0x66, 0xc8, 0xb7, 0x67, 0x68, 0x66, 0x66, 0x78, 0x66,
    0x76, 0x76, 0x76, 0x87, 0x87, 0x66, 0x6c, 0x68, 0x47, 0x66, 0x66, 0x67, 0x88, 0x76, 0x46, 0x77,
    0x5c, 0x46, 0x88, 0x78, 0x68, 0x66, 0x86, 0x8b, 0xcc, 0x8c, 0x66, 0x89, 0x76, 0x68, 0x6c, 0x7c,
    0x77, 0x88, 0x86, 0xac, 0xeb, 0xb8, 0xe6, 0xc8, 0xb6, 0xae, 0xde, 0xce, 0xdc, 0x7c, 0xee, 0xdc,
    0xcc, 0xcb, 0xec, 0xcc, 0xe7, 0xec, 0xc8, 0xdd, 0xbc, 0xb6, 0xdc, 0xcc, 0xd6, 0x7b, 0x7b, 0xdd,
    0xcd, 0xdb, 0xdd, 0xbc, 0xbb, 0xdc, 0x7b, 0xb8, 0xb6, 0x87, 0x66, 0x67, 0xb7, 0x7d, 0x76, 0x7b,
    0x8d, 0x8c, 0xb8, 0x7c, 0x87, 0x68, 0xc8, 0x6c, 0xc7, 0xb8, 0xbc, 0x6c, 0x77, 0x65, 0x88, 0x5c,
    0x66, 0x66, 0x76, 0x68, 0xb8, 0x66, 0x68, 0x67, 0x6c, 0x65, 0x85, 0x66, 0x48, 0x88, 0x87, 0x7c,
    0x67, 0x6c, 0x65, 0x67, 0x86, 0x88, 0x68, 0x86, 0x67, 0x75, 0x66, 0x66, 0x66, 0x65, 0x66, 0x68,
    0x66, 0x66, 0x56, 0x85, 0x66, 0x68, 0x86, 0x65, 0x68, 0x66, 0x68, 0xc6, 0x78, 0x68, 0x66, 0x86,
    0x88, 0x8b, 0x46, 0x66, 0x66, 0x46, 0x66, 0xc6, 0x8a, 0xa8, 0x8b, 0x86, 0xce, 0x68, 0x8c, 0xdd,
    0xed, 0xd7, 0x8e, 0xec, 0xca, 0xcc, 0xcc, 0xee, 0xcc, 0xcc, 0xdc, 0xec, 0xce, 0xcc, 0xc6, 0xda,
    0xaa, 0x6c, 0xec, 0x7e, 0x7b, 0xcb, 0x7d, 0xde, 0xd2, 0xb8, 0x7c, 0xbd, 0xed, 0x77, 0xdd, 0xcd,
    0xeb, 0xc7, 0x76, 0xcc, 0xc7, 0x67, 0xdc, 0x7b, 0xdd, 0xcd, 0xcc, 0x6c, 0x78, 0x87, 0x8c, 0xd8,
    0xd7, 0xdb, 0x87, 0xc6, 0x66, 0xc6, 0x77, 0x65, 0xc6, 0x66, 0x87, 0x66, 0x6c, 0x56, 0x88, 0x66,
    0x57, 0x66, 0x67, 0x58, 0x87, 0x7b, 0x6b, 0x88, 0xbc, 0xc7, 0x5c, 0xc6, 0x67, 0x87, 0x77, 0x8a,
    0x87, 0x88, 0x68, 0x66, 0x66, 0x66, 0x58, 0x88, 0x87, 0x65, 0x86, 0x65, 0x68, 0x56, 0x66, 0x68,
    0x76, 0x66, 0x56, 0xb7, 0x78, 0xc8, 0xbc, 0x66, 0x86, 0x76, 0x66, 0x68, 0x86, 0x66, 0x66, 0xcc,
    0xc8, 0xcd, 0x7d, 0xdd, 0xdd, 0xce, 0xcc, 0xde, 0xed, 0xce, 0x98, 0xed, 0xdc, 0xcc, 0x8d, 0xec,
    0x8c, 0xcc, 0xde, 0xec, 0xcd, 0xbd, 0xbc, 0x88, 0xc8, 0x87, 0xcd, 0xcd, 0xcd, 0xed, 0xbf, 0xed,
    0x2f, 0x2f, 0x2b, 0xbd, 0xbc, 0xcc, 0xdc, 0xcd, 0xdb, 0x77, 0x69, 0x78, 0x78, 0xd8, 0xd6, 0xcc,
    0xba, 0xcd, 0xec, 0xbb, 0x88, 0x46, 0x7a, 0xbc, 0xcc, 0xb7, 0xc7, 0x7c, 0x7c, 0x5b, 0x67, 0xb7,
    0xc7, 0xc8, 0x76, 0x76, 0x87, 0x88, 0x65, 0x66, 0x45, 0x58, 0x56, 0x78, 0x88, 0xc8, 0xbb, 0x66,
    0x67, 0x8c, 0x8b, 0xc8, 0xc6, 0x68, 0x86, 0x66, 0x66, 0x66, 0xc6, 0x64, 0x66, 0x66, 0x78, 0x54,
    0x66, 0x58, 0x67, 0x58, 0x77, 0x85, 0x86, 0x78, 0x65, 0x68, 0x56, 0x78, 0x7c, 0xcc, 0x56, 0x86,
    0x6c, 0x85, 0x64, 0x56, 0x68, 0x6c, 0x68, 0x68, 0x8c, 0x87, 0x68, 0xee, 0xec, 0xd7, 0xee, 0xe8,
    0xcc, 0xe7, 0xcc, 0xcc, 0xee, 0xec, 0xec, 0x68, 0x6c, 0x88, 0xdc, 0xd8, 0xc7, 0xb8, 0xca, 0x68,
    0xc8, 0xb8, 0xbc, 0x7b, 0xce, 0xbb, 0xdd, 0xde, 0x32, 0x22, 0xf2, 0xfb, 0x33, 0xce, 0xdd, 0xbe,
    0xed, 0xdd, 0xdc, 0x88, 0xcb, 0x77, 0xcd, 0x7a, 0x7d, 0x7e, 0xd8, 0xa6, 0xd7, 0x68, 0xdb, 0x87,
    0xdd, 0x7d, 0xcc, 0xba, 0x7c, 0xc5, 0x8c, 0x87, 0x57, 0x86, 0x77, 0x67, 0x68, 0x85, 0x6c, 0x66,
    0x66, 0xb6, 0x56, 0x67, 0xc7, 0xc6, 0x68, 0x6c, 0xb8, 0x76, 0x68, 0x8e, 0xdd, 0xcb, 0x86, 0x88,
    0x8d, 0x76, 0x77, 0x88, 0x67, 0x56, 0x68, 0x66, 0x86, 0x56, 0x86, 0x58, 0x66, 0x67, 0x86, 0x74,
    0x65, 0x68, 0x67, 0x85, 0x88, 0x85, 0x6c, 0xc8, 0x6c, 0x56, 0x66, 0x68, 0x67, 0x6d, 0x8c, 0xc8,
    0xc6, 0xa8, 0xce, 0xdc, 0xed, 0xed, 0xcc, 0xed, 0xee, 0xde, 0xcd, 0x9c, 0xde, 0xd6, 0xcc, 0xde,
    0xcc, 0xdd, 0xed, 0xcc, 0xad, 0xb8, 0x88, 0x78, 0x87, 0x76, 0xcd, 0xcb, 0xcd, 0xbd, 0xde, 0xed,
    0x32, 0x22, 0x2f, 0x2f, 0x83, 0x37, 0xde, 0xbe, 0xbe, 0xde, 0xee, 0xc7, 0xbd, 0xb7, 0xcc, 0xeb,
    0xb7, 0xd8, 0xc8, 0x77, 0x68, 0x87, 0x7c, 0xc7, 0xd8, 0xe7, 0xeb, 0x77, 0x8c, 0xc6, 0x66, 0x86,
    0xc8, 0x76, 0x8c, 0x5c, 0x87, 0xc6, 0x66, 0x86, 0x84, 0x66, 0x88, 0x68, 0x86, 0x77, 0x77, 0xb7,
    0xb7, 0x67, 0x5b, 0x6e, 0x88, 0x88, 0xc8, 0x8e, 0xcb, 0x76, 0x76, 0x66, 0x7c, 0x66, 0x66, 0x67,
    0x68, 0x66, 0x78, 0x68, 0x86, 0x57, 0x46, 0x56, 0x66, 0x86, 0x75, 0x88, 0x66, 0x6b, 0x5c, 0x88,
    0x6c, 0xc6, 0x85, 0x56, 0x68, 0x88, 0xdb, 0xb8, 0xce, 0x6e, 0xee, 0xa8, 0xe7, 0xed, 0x86, 0xec,
    0xcc, 0xac, 0xdd, 0xcc, 0xee, 0xce, 0xcc, 0xee, 0x7c, 0xec, 0xdc, 0xe8, 0xbe, 0xd8, 0x7d, 0x7a,
    0xbc, 0xd7, 0x7c, 0xde, 0xcd, 0xde, 0xef, 0x2d, 0x22, 0x22, 0x23, 0x2e, 0xf3, 0x3c, 0xed, 0xe8,
    0xed, 0xc8, 0xde, 0xdd, 0xb8, 0x87, 0xd7, 0xeb, 0xde, 0xe8, 0xc6, 0xcb, 0x57, 0x55, 0x76, 0x65,
    0xb4, 0xc6, 0xcd, 0x78, 0x8b, 0x86, 0x88, 0x46, 0x86, 0x87, 0xb6, 0x8b, 0x7c, 0xc8, 0x88, 0x66,
    0x66, 0x65, 0x66, 0xb6, 0x6c, 0xb6, 0x8a, 0xc8, 0x84, 0x76, 0x66, 0xc9, 0xcb, 0x8c, 0x8e, 0xce,
    0xcc, 0x78, 0x7c, 0x56, 0x66, 0xc6, 0xd7, 0x86, 0x68, 0x67, 0x88, 0x86, 0x76, 0x6c, 0x85, 0x66,
    0x67, 0x65, 0x78, 0x48, 0x8c, 0x88, 0x68, 0xb6, 0x64, 0xc6, 0xb6, 0x66, 0x68, 0x66, 0x8c, 0x8e,
    0x8e, 0xdc, 0xcc, 0xe6, 0xc7, 0xeb, 0xa8, 0xc8, 0xc6, 0x9e, 0xc7, 0x8e, 0xed, 0xce, 0xec, 0x8c,
    0xdb, 0xc6, 0x87, 0x74, 0x6c, 0x86, 0x46, 0x78, 0xcc, 0xac, 0xbd, 0xce, 0xde, 0xee, 0xbe, 0x33,
    0x22, 0x12, 0x32, 0x2f, 0xf2, 0xbf, 0xfc, 0xdd, 0xbd, 0xec, 0xb7, 0xcd, 0x7d, 0xcc, 0xed, 0xee,
    0xc8, 0x8d, 0x8b, 0x5f, 0xf9, 0xee, 0xfe, 0xfe, 0x46, 0x67, 0xad, 0x8d, 0xd7, 0x66, 0x66, 0x66,
    0x88, 0x66, 0x58, 0x88, 0x68, 0x58, 0xb7, 0x86, 0x85, 0x85, 0x65, 0x87, 0x66, 0x87, 0x68, 0xed,
    0xbd, 0x65, 0x68, 0x8b, 0x87, 0xe6, 0x8a, 0x8c, 0xc6, 0x66, 0x67, 0x68, 0x68, 0x68, 0x76, 0x6b,
    0x67, 0x68, 0xc8, 0x65, 0x67, 0x66, 0x66, 0x67, 0x6c, 0xb8, 0x6b, 0x4b, 0x86, 0xc6, 0x86, 0x68,
    0x78, 0x88, 0x66, 0x87, 0x86, 0x67, 0x6b, 0x6e, 0xed, 0xed, 0xce, 0xcc, 0xe9, 0xea, 0xe8, 0x68,
    0x8b, 0x8c, 0xb8, 0xcc, 0xde, 0xcc, 0x6d, 0xbe, 0xdc, 0xce, 0x6c, 0x7a, 0x8e, 0xb8, 0xb8, 0xdc,
    0xeb, 0xcb, 0xc7, 0xcd, 0xde, 0xdf, 0xfd, 0xf2, 0x22, 0x22, 0x31, 0x22, 0x34, 0x42, 0x2f, 0xbd,
    0xde, 0xdf, 0xdc, 0xe7, 0xdb, 0x7d, 0x7d, 0xee, 0xe8, 0xcb, 0x59, 0x32, 0x22, 0x22, 0x22, 0x22,
    0xf9, 0x9a, 0xb7, 0xae, 0x78, 0x76, 0x86, 0x56, 0x67, 0x66, 0x67, 0x66, 0x66, 0x66, 0x78, 0x66,
    0x68, 0x55, 0x68, 0x66, 0x66, 0x76, 0x66, 0x67, 0x87, 0x7c, 0xec, 0xb8, 0xce, 0xac, 0x76, 0x68,
    0xa6, 0x66, 0x86, 0x56, 0x4c, 0x46, 0x66, 0x88, 0x68, 0x66, 0x68, 0x78, 0x66, 0x86, 0x77, 0x68,
    0x68, 0x66, 0x78, 0x7c, 0x68, 0x68, 0x67, 0x77, 0x6c, 0x68, 0x66, 0x68, 0x86, 0x66, 0x76, 0xde,
    0xdc, 0xde, 0xed, 0xec, 0x98, 0xec, 0xd8, 0xc8, 0x66, 0xac, 0x9c, 0xdd, 0xcd, 0xbc, 0xbc, 0xce,
    0x6e, 0xc8, 0x7c, 0x88, 0xea, 0x68, 0xc8, 0xec, 0xdb, 0xeb, 0xdb, 0xdd, 0xdd, 0xf3, 0x2f, 0x23,
    0x22, 0x22, 0x22, 0x12, 0x2f, 0x2f, 0xfd, 0xdd, 0xde, 0xdd, 0x8a, 0xe8, 0x87, 0x7e, 0xc7, 0xce,
    0xad, 0xf3, 0x22, 0x22, 0x22, 0x22, 0x22, 0x22, 0x22, 0x2f, 0xfd, 0xda, 0xd8, 0x87, 0x76, 0x76,
    0x67, 0x86, 0xb6, 0x86, 0x66, 0x87, 0x68, 0x66, 0x45, 0x68, 0x66, 0x66, 0x66, 0x68, 0x68, 0x7d,
    0xce, 0x8b, 0xc9, 0xce, 0xce, 0xec, 0xcb, 0xc6, 0x96, 0x46, 0x66, 0x86, 0x88, 0x84, 0x88, 0x78,
    0x7c, 0x8b, 0xc8, 0x56, 0x66, 0x65, 0x86, 0x77, 0x87, 0x76, 0x76, 0x66, 0x6c, 0x87, 0x77, 0x66,
    0x78, 0x6c, 0x66, 0xc7, 0xc7, 0x88, 0xcd, 0xc6, 0xed, 0xcd, 0xdc, 0xde, 0xcc, 0xce, 0xcc, 0x8c,
    0x8c, 0xc8, 0x8c, 0xcd, 0xcd, 0xec, 0xbe, 0xca, 0xcc, 0xcc, 0xcc, 0x7c, 0xb9, 0xb8, 0x8c, 0xcd,
    0xed, 0x7d, 0xbd, 0xdd, 0xbd, 0x22, 0x22, 0x22, 0x22, 0x22, 0x21, 0x13, 0x23, 0xf4, 0x4d, 0xdd,
    0xdd, 0xdb, 0x77, 0xad, 0xb7, 0x78, 0xac, 0xdd, 0xf2, 0x22, 0x22, 0x22, 0x22, 0x22, 0x22, 0x22,
    0x22, 0x22, 0x2f, 0xfd, 0xdd, 0xcc, 0xb6, 0xcb, 0x87, 0x87, 0x74, 0x46, 0x8c, 0x67, 0x68, 0x46,
    0x75, 0x66, 0x86, 0x76, 0x45, 0x66, 0x88, 0x88, 0xdc, 0xec, 0xc6, 0xec, 0xcc, 0xec, 0xec, 0xb6,
    0x86, 0x88, 0x76, 0x7c, 0x86, 0x86, 0xc7, 0xc7, 0x68, 0x68, 0x67, 0x64, 0x68, 0x67, 0x67, 0x58,
    0x76, 0x7c, 0x66, 0x86, 0x67, 0x7c, 0x87, 0xc6, 0x78, 0x85, 0x76, 0x6c, 0x66, 0x87, 0xee, 0xde,
    0xcc, 0xcd, 0xcd, 0xdc, 0xce, 0xec, 0xd8, 0xcb, 0xcc, 0x8c, 0xce, 0xdc, 0xdc, 0xcc, 0xde, 0xc7,
    0xd9, 0xcc, 0xcd, 0xdc, 0xb6, 0x8c, 0x77, 0xdd, 0xeb, 0xbc, 0xef, 0x2f, 0x23, 0x22, 0x22, 0x22,
    0x22, 0x22, 0x22, 0x12, 0x22, 0x21, 0x32, 0xfb, 0xfb, 0xb2, 0xf1, 0x22, 0x3d, 0x33, 0x88, 0xb5,
    0x22, 0x22, 0x22, 0x22, 0x22, 0x22, 0x22, 0x22, 0x22, 0x22, 0x22, 0x2d, 0xdd, 0xcc, 0xd7, 0xda,
    0x7d, 0x86, 0x88, 0x66, 0x66, 0x68, 0x86, 0x67, 0x67, 0xc7, 0x68, 0x66, 0x68, 0x88, 0x78, 0x88,
    0xcc, 0xda, 0x8e, 0x9e, 0xce, 0xcc, 0xe8, 0x88, 0x68, 0x86, 0x68, 0x86, 0x68, 0x8c, 0xe8, 0x68,
    0xb6, 0x66, 0x85, 0x65, 0x68, 0x66, 0x56, 0x75, 0x78, 0x87, 0x86, 0x67, 0x65, 0x6c, 0x65, 0x86,
    0x87, 0x68, 0x68, 0xdc, 0x66, 0xdc, 0xe8, 0x6e, 0xce, 0xc8, 0xcc, 0xdd, 0xde, 0xce, 0x88, 0x8e,
    0xdd, 0x7d, 0xbd, 0xec, 0xce, 0xcd, 0xed, 0xc8, 0xc7, 0xcc, 0xdd, 0x6c, 0x6c, 0xcc, 0xb7, 0xbe,
    0xcc, 0xed, 0xca, 0x96, 0xf2, 0x33, 0x22, 0x23, 0x22, 0x22, 0x22, 0x21, 0x22, 0x33, 0x32, 0xfd,
    0x6f, 0xf2, 0x2f, 0x33, 0x22, 0xcd, 0xd7, 0xf2, 0x22, 0x22, 0x22, 0x22, 0x22, 0x22, 0x22, 0x22,
    0x22, 0x22, 0x22, 0x22, 0xfe, 0xec, 0xd7, 0xc7, 0xc7, 0x86, 0x66, 0xc6, 0x67, 0xa8, 0x76, 0x76,
    0x76, 0x66, 0x74, 0x66, 0x6c, 0x88, 0xc7, 0x76, 0x8b, 0xc8, 0xc8, 0xed, 0xcc, 0x8c, 0xcc, 0x86,
    0xc6, 0x66, 0x66, 0x88, 0x78, 0x8b, 0xb8, 0x68, 0xc6, 0x66, 0x56, 0x58, 0x66, 0x66, 0x87, 0x57,
    0xc8, 0x66, 0x86, 0x68, 0x66, 0x87, 0x86, 0x67, 0x68, 0x66, 0x68, 0x68, 0x68, 0x88, 0xbe, 0x8c,
    0xcc, 0xcc, 0xec, 0xdc, 0xe7, 0xd8, 0x88, 0xce, 0x77, 0xcc, 0xdc, 0xdd, 0xdd, 0xde, 0xcc, 0x8c,
    0x67, 0xde, 0xdd, 0xd7, 0x68, 0x8b, 0x77, 0x7d, 0xdd, 0xdd, 0xfd, 0xfe, 0x8d, 0xf3, 0x42, 0x22,
    0x22, 0x22, 0x21, 0x12, 0x12, 0x23, 0x2e, 0x44, 0x31, 0x1f, 0xff, 0xdd, 0xd3, 0x25, 0xf2, 0x22,
    0x22, 0x22, 0x22, 0x22, 0x22, 0x22, 0x22, 0x22, 0x22, 0x22, 0x22, 0x22, 0x2f, 0xdd, 0xed, 0xdb,
    0xc8, 0x77, 0x66, 0x68, 0xac, 0x86, 0xc6, 0xcb, 0x66, 0x66, 0x6c, 0x66, 0x76, 0x78, 0x65, 0x68,
    0x6c, 0x7c, 0xee, 0xbc, 0x6c, 0x6c, 0x88, 0x98, 0x87, 0x66, 0x66, 0x8c, 0x68, 0x66, 0x68, 0xb6,
    0x66, 0x66, 0x65, 0x56, 0x66, 0x66, 0x66, 0x66, 0x78, 0x64, 0x68, 0x86, 0x65, 0x68, 0x88, 0x67,
    0x66, 0x54, 0xc8, 0xba, 0x68, 0x67, 0xc6, 0xce, 0xed, 0xcd, 0xee, 0xde, 0xdb, 0xc8, 0x8e, 0xc7,
    0x64, 0x6e, 0x8d, 0xee, 0xdd, 0xdd, 0xcd, 0x67, 0xda, 0xcc, 0xee, 0xcd, 0xb8, 0xbd, 0x61, 0xc2,
    0x2f, 0x33, 0xfe, 0xd2, 0x42, 0x3f, 0xf2, 0x22, 0x22, 0x22, 0x33, 0x11, 0x12, 0x22, 0x2f, 0x22,
    0x12, 0x3f, 0x7d, 0xcc, 0x7d, 0x52, 0x2f, 0x22, 0x22, 0x22, 0x22, 0x22, 0x22, 0x22, 0x22, 0x22,
    0x22, 0x22, 0x22, 0x22, 0x2f, 0xbe, 0xd7, 0x76, 0x78, 0x68, 0xce, 0x86, 0x89, 0x86, 0x87, 0x8c,
    0x76, 0x68, 0x68, 0x6c, 0x78, 0x66, 0x87, 0x87, 0x8c, 0xa8, 0x88, 0x86, 0xbe, 0xcc, 0xc9, 0x86,
    0x78, 0x66, 0x66, 0x76, 0x65, 0xc8, 0xcc, 0x86, 0x88, 0x88, 0x68, 0x46, 0x66, 0x64, 0x55, 0x67,
    0x67, 0x56, 0x56, 0x76, 0x66, 0x56, 0x66, 0x87, 0x66, 0x68, 0x66, 0x6b, 0xb8, 0xcc, 0x8c, 0x69,
    0xce, 0xcc, 0xdd, 0xed, 0xea, 0xe8, 0x7b, 0xac, 0x66, 0xb8, 0xce, 0xee, 0xee, 0x7e, 0x7b, 0xac,
    0xa7, 0xed, 0xdc, 0xdc, 0xb7, 0x7d, 0xf3, 0x33, 0x23, 0x33, 0x34, 0x33, 0x23, 0x22, 0x22, 0x22,
    0x22, 0x22, 0xfc, 0x12, 0x11, 0x22, 0x22, 0x22, 0x22, 0x7d, 0xdd, 0xdd, 0xbd, 0xf2, 0x25, 0x22,
    0x22, 0x22, 0x22, 0x22, 0x22, 0x22, 0x22, 0x22, 0x22, 0x22, 0x22, 0x22, 0x25, 0x9b, 0xdd, 0x7d,
    0xdc, 0xbc, 0xc8, 0x68, 0xe6, 0x86, 0x6b, 0x87, 0xb7, 0x86, 0x68, 0xc6, 0x87, 0x66, 0x78, 0x58,
    0xcb, 0xcc, 0xb8, 0x68, 0xcd, 0xcc, 0x8e, 0x66, 0x56, 0x86, 0x66, 0x66, 0x55, 0x66, 0x58, 0x67,
    0x68, 0x66, 0x86, 0x65, 0x66, 0x66, 0x66, 0x66, 0x68, 0x66, 0x65, 0x68, 0x76, 0x68, 0x47, 0x86,
    0x58, 0x58, 0x6c, 0xb6, 0x78, 0xc8, 0x68, 0x96, 0x7e, 0xe7, 0xde, 0xcc, 0xdb, 0x88, 0xed, 0xee,
    0x87, 0x87, 0xdd, 0xdd, 0xdd, 0xed, 0xd8, 0xe7, 0xea, 0xed, 0xdd, 0xfd, 0xdf, 0xf4, 0x34, 0x22,
    0x22, 0x23, 0x24, 0x3f, 0x23, 0x22, 0x23, 0x22, 0x22, 0x2f, 0xee, 0xa3, 0x22, 0x11, 0x12, 0x32,
    0x3d, 0xcd, 0xbd, 0xec, 0xde, 0xd2, 0x6c, 0xf2, 0x33, 0x22, 0x22, 0x22, 0x22, 0x22, 0x22, 0x22,
    0x22, 0x22, 0x22, 0x22, 0x22, 0x5e, 0xde, 0xdd, 0xcc, 0xd8, 0xcd, 0xcc, 0x8c, 0xa8, 0x88, 0xbe,
    0xc7, 0x78, 0x68, 0x78, 0x66, 0xc6, 0x87, 0x58, 0x8c, 0x77, 0xc6, 0xce, 0x97, 0xb8, 0xc8, 0x68,
    0xb6, 0x66, 0x65, 0x65, 0x66, 0x66, 0x65, 0x77, 0x64, 0x66, 0x65, 0x86, 0x66, 0x68, 0x66, 0x76,
    0x86, 0x66, 0x68, 0x68, 0x66, 0x88, 0x68, 0x86, 0x85, 0x76, 0x76, 0x78, 0xb7, 0x78, 0x68, 0x78,
    0x8c, 0xcc, 0x8d, 0x8c, 0xc6, 0xe7, 0x86, 0xb8, 0x88, 0xbd, 0xed, 0xdf, 0xfe, 0xbd, 0xcd, 0x8e,
    0xbd, 0xdd, 0xdd, 0x2f, 0xd2, 0x2f, 0x22, 0x22, 0x22, 0x22, 0x32, 0xf2, 0x22, 0x22, 0x22, 0x22,
    0x1f, 0xee, 0xcf, 0xfd, 0xf3, 0x1f, 0x12, 0xf3, 0xb9, 0xcd, 0xfd, 0xdd, 0xc8, 0xbf, 0xf9, 0x33,
    0x4f, 0x2f, 0x22, 0x22, 0x22, 0x22, 0x22, 0x22, 0x22, 0x22, 0x22, 0x22, 0x22, 0x2f, 0xdf, 0xdd,
    0xdb, 0xc7, 0xcb, 0xcc, 0xcc, 0xd8, 0xcc, 0x79, 0xc6, 0xc7, 0x76, 0x67, 0xb8, 0x7c, 0x6b, 0x8c,
    0x88, 0x87, 0xcc, 0xd8, 0x86, 0xc6, 0xc8, 0x88, 0xb6, 0x87, 0x65, 0x66, 0x65, 0x58, 0x6c, 0x67,
    0x85, 0x86, 0x86, 0x66, 0x86, 0x66, 0x7c, 0xbc, 0x55, 0x65, 0x66, 0x84, 0x6c, 0x88, 0x68, 0x57,
    0x58, 0x57, 0x67, 0xd8, 0xc8, 0x68, 0x7c, 0x44, 0x6d, 0xcb, 0xc8, 0xdd, 0x87, 0x88, 0xe6, 0xcc,
    0xe8, 0xc7, 0xee, 0xdf, 0x1f, 0x7e, 0xd7, 0xb8, 0xde, 0xde, 0xdd, 0xbd, 0x23, 0x32, 0xf2, 0x22,
    0x22, 0x22, 0x22, 0x22, 0x22, 0x22, 0x22, 0x22, 0x32, 0xbe, 0xff, 0xf7, 0x11, 0x29, 0xf1, 0x11,
    0x1b, 0xef, 0x1f, 0x88, 0xbd, 0xdd, 0xe7, 0x9e, 0xef, 0xf2, 0x32, 0x22, 0x22, 0x22, 0x22, 0x22,
    0x22, 0x22, 0x22, 0x22, 0x22, 0x25, 0xde, 0xde, 0xad, 0x67, 0xd8, 0x9c, 0xcd, 0xbe, 0xbc, 0xcc,
    0x8b, 0x67, 0x66, 0x8a, 0x68, 0xc8, 0x7b, 0x88, 0xcb, 0x65, 0x6c, 0x57, 0xcc, 0xec, 0x87, 0x4b,
    0x7b, 0x86, 0x66, 0x68, 0x66, 0x68, 0x68, 0x57, 0x67, 0x66, 0x65, 0x68, 0x88, 0x76, 0x87, 0xb8,
    0x55, 0x66, 0x67, 0x58, 0x66, 0x66, 0x65, 0x75, 0x76, 0x65, 0x67, 0x78, 0x86, 0x8c, 0x8e, 0x4c,
    0x8c, 0xc7, 0x78, 0xd8, 0xc8, 0xe6, 0x6c, 0xbd, 0xce, 0xec, 0xeb, 0xdb, 0x3d, 0xd7, 0x7e, 0xcd,
    0xce, 0xdd, 0xcc, 0xcd, 0xbd, 0xff, 0x32, 0x3d, 0x23, 0x32, 0x22, 0x22, 0x22, 0x22, 0x22, 0x22,
    0xbf, 0x2d, 0xdd, 0xdf, 0xf1, 0xff, 0xdd, 0x12, 0x11, 0xef, 0x2d, 0x13, 0x32, 0x4f, 0x4d, 0xff,
    0xfb, 0x53, 0x2f, 0xff, 0x22, 0x22, 0x22, 0x22, 0x22, 0x22, 0x22, 0x22, 0x22, 0x22, 0xfd, 0xff,
    0xdf, 0x22, 0x32, 0xf8, 0x3f, 0xbb, 0xba, 0xdd, 0xd1, 0x37, 0xc7, 0xc9, 0xb7, 0x6c, 0xb8, 0xba,
    0x67, 0x8c, 0xcc, 0xbb, 0x68, 0x66, 0x66, 0x88, 0xc6, 0x75, 0x65, 0x66, 0x66, 0x84, 0x66, 0x68,
    0x65, 0x68, 0x66, 0x66, 0x88, 0xc6, 0x66, 0xc7, 0x66, 0x66, 0x46, 0x58, 0x56, 0x88, 0x66, 0x86,
    0x67, 0xc6, 0x66, 0x66, 0x56, 0x87, 0x6c, 0x88, 0xb8, 0xe8, 0xbd, 0xdd, 0xb8, 0x68, 0x7c, 0xd6,
    0x86, 0x8c, 0xda, 0xd7, 0x8d, 0xdc, 0xdd, 0xdd, 0xde, 0xec, 0xed, 0xcd, 0xdd, 0xdd, 0xd9, 0xf3,
    0xf2, 0x22, 0x22, 0x22, 0x22, 0x33, 0x22, 0x22, 0xdf, 0x3f, 0xde, 0xed, 0xdf, 0xef, 0xbb, 0xbd,
    0xf1, 0x1b, 0x42, 0x24, 0x3e, 0xf2, 0x35, 0xff, 0x52, 0x33, 0xf2, 0x22, 0x22, 0x22, 0x22, 0x22,
    0x22, 0x22, 0x22, 0x22, 0x22, 0x22, 0x52, 0x82, 0x22, 0x22, 0x22, 0x22, 0x22, 0x33, 0x12, 0xfd,
    0x12, 0x37, 0xde, 0xde, 0xbc, 0xb8, 0xd6, 0x87, 0x66, 0x88, 0x8b, 0x6c, 0x7b, 0x78, 0x86, 0x88,
    0x86, 0x66, 0x7c, 0x66, 0x66, 0x64, 0x66, 0x87, 0x56, 0x55, 0x66, 0x77, 0x68, 0x86, 0x65, 0x66,
    0x65, 0x66, 0x55, 0x66, 0xb8, 0x88, 0xb8, 0x66, 0x67, 0x65, 0x65, 0x66, 0x76, 0x66, 0x6c, 0x79,
    0x6e, 0xc7, 0xcd, 0x78, 0x7c, 0x76, 0xc6, 0xc6, 0xcc, 0x77, 0x68, 0x7c, 0x78, 0xce, 0xee, 0xbe,
    0xec, 0xdc, 0xed, 0xdc, 0xde, 0xef, 0xdf, 0x2f, 0x23, 0x22, 0x22, 0x22, 0x2f, 0x43, 0x2f, 0x22,
    0xdf, 0x8e, 0xef, 0xfd, 0xef, 0xdd, 0xdd, 0xdb, 0xf1, 0x11, 0x63, 0x3f, 0xfc, 0xe3, 0x22, 0xff,
    0x53, 0x22, 0x22, 0x22, 0x22, 0x22, 0x22, 0x22, 0x22, 0x22, 0x22, 0x22, 0x22, 0x22, 0x53, 0xe2,
    0x22, 0x22, 0x22, 0x22, 0x36, 0xf4, 0x6f, 0xf6, 0x44, 0x77, 0x77, 0x8c, 0xcd, 0xdc, 0x77, 0xac,
    0x7c, 0x8c, 0xb6, 0xcc, 0xc8, 0xd6, 0x87, 0x8c, 0x88, 0xc8, 0x87, 0x67, 0x66, 0x67, 0x68, 0x68,
    0x64, 0x77, 0x77, 0x88, 0xc8, 0x66, 0x68, 0x76, 0x65, 0x56, 0x56, 0x68, 0x87, 0x58, 0x66, 0x67,
    0x66, 0x66, 0x85, 0xc6, 0x67, 0x66, 0x68, 0x66, 0x87, 0xe6, 0x88, 0x86, 0xbc, 0xd8, 0x6c, 0x6d,
    0x87, 0xcd, 0x57, 0x86, 0x7d, 0xdd, 0xed, 0xec, 0xfb, 0xdd, 0xcd, 0x8d, 0x22, 0x34, 0xb2, 0xf2,
    0x22, 0x22, 0x22, 0x23, 0x5f, 0xf5, 0x43, 0x22, 0xff, 0xed, 0xcf, 0xff, 0xdd, 0xdd, 0xdd, 0xdd,
    0xf1, 0xff, 0xf3, 0x21, 0x22, 0xe4, 0xf2, 0x22, 0x22, 0x22, 0x22, 0x22, 0x22, 0x22, 0x22, 0x22,
    0x22, 0x22, 0x22, 0x22, 0x22, 0x22, 0x22, 0x22, 0x22, 0x22, 0x25, 0xff, 0x45, 0xff, 0x48, 0xbf,
    0xd6, 0xdd, 0xdd, 0x78, 0x7d, 0xd7, 0xcb, 0xab, 0x67, 0xc7, 0x68, 0x8b, 0x86, 0x96, 0x7b, 0x78,
    0x88, 0x68, 0x66, 0x6c, 0xb7, 0x86, 0x66, 0xc6, 0x66, 0x8b, 0x67, 0x56, 0x78, 0x78, 0x56, 0x56,
    0x66, 0x64, 0x56, 0x7c, 0x76, 0x86, 0xc7, 0x66, 0xc6, 0x66, 0x66, 0x67, 0x78, 0x76, 0x69, 0x8c,
    0x88, 0x88, 0x66, 0x66, 0x68, 0x88, 0x66, 0x77, 0xbc, 0xab, 0x7c, 0xbd, 0x7c, 0x76, 0xdb, 0xed,
    0xfb, 0xe2, 0xe8, 0xf2, 0xf2, 0x23, 0x14, 0x23, 0x22, 0x22, 0x23, 0x33, 0x4d, 0xff, 0x22, 0x32,
    0xd4, 0xdd, 0xd2, 0xfd, 0xf2, 0xdd, 0xbd, 0xfd, 0xc3, 0x92, 0x21, 0x22, 0x22, 0x22, 0x22, 0x22,
    0x22, 0x22, 0x22, 0x22, 0x22, 0x22, 0x22, 0x22, 0x22, 0x22, 0x22, 0x22, 0x22, 0x22, 0x22, 0x22,
    0x22, 0x22, 0x22, 0x23, 0x23, 0x23, 0x9c, 0xfd, 0x88, 0xc6, 0xc8, 0x8c, 0xcc, 0x8c, 0x7c, 0x8c,
    0x76, 0x67, 0x78, 0x58, 0x87, 0x68, 0x66, 0x6b, 0x8c, 0x66, 0x86, 0x88, 0x86, 0x68, 0x78, 0x66,
    0x66, 0x66, 0x6c, 0xb8, 0x86, 0x86, 0x84, 0x57, 0x66, 0x86, 0x54, 0x68, 0x66, 0xc8, 0x67, 0x66,
    0x86, 0x88, 0x78, 0x86, 0x86, 0x66, 0x47, 0x87, 0x8c, 0x67, 0x67, 0x68, 0x68, 0x88, 0x66, 0xbd,
    0xbb, 0xc6, 0x8d, 0xc8, 0xdd, 0xdd, 0xcd, 0xdd, 0xdf, 0x23, 0x2c, 0x53, 0x22, 0x22, 0x32, 0x22,
    0x22, 0x22, 0x3a, 0xf3, 0xee, 0xff, 0x37, 0x23, 0xf3, 0xff, 0xf1, 0xfa, 0xf1, 0xff, 0xed, 0xdc,
    0x7a, 0x82, 0x22, 0x22, 0x22, 0x22, 0x22, 0x22, 0xf5, 0x22, 0x22, 0x22, 0x22, 0x22, 0x22, 0x22,
    0x22, 0x22, 0x22, 0x22, 0x22, 0x22, 0x22, 0x22, 0x22, 0x22, 0x22, 0x22, 0x22, 0x22, 0x22, 0x2a,
    0x4d, 0xfd, 0xdd, 0xdc, 0xbb, 0xcb, 0xba, 0xc7, 0x86, 0x86, 0x65, 0x66, 0x67, 0x64, 0x66, 0x68,
    0x86, 0x66, 0x66, 0x68, 0xc6, 0x76, 0x76, 0x66, 0x66, 0x46, 0xcc, 0x6c, 0x86, 0x66, 0x76, 0x66,
    0x58, 0x68, 0x64, 0x76, 0x86, 0x8c, 0x86, 0x87, 0x67, 0x56, 0x88, 0x86, 0x76, 0x65, 0x56, 0x68,
    0x88, 0x66, 0x66, 0x66, 0x7c, 0x86, 0x87, 0x66, 0xcb, 0xc6, 0xac, 0x7e, 0xdc, 0xc7, 0xdd, 0xdf,
    0xef, 0x2f, 0x24, 0x34, 0x12, 0x22, 0x32, 0x32, 0x22, 0x22, 0x3f, 0xd4, 0xee, 0xef, 0x3f, 0x23,
    0x2f, 0x11, 0x34, 0x1f, 0xbf, 0x21, 0x3d, 0x87, 0xbd, 0xdd, 0x12, 0x12, 0x22, 0x22, 0x22, 0x22,
    0xff, 0x22, 0x22, 0x22, 0x22, 0x22, 0x22, 0x22, 0x22, 0x22, 0x22, 0x22, 0x22, 0x22, 0x23, 0x2f,
    0x33, 0x14, 0x32, 0x2f, 0x22, 0x22, 0x23, 0x42, 0x22, 0xf5, 0xfd, 0xbd, 0x66, 0xbd, 0xcd, 0x8d,
    0xb8, 0x86, 0x88, 0x75, 0x58, 0x86, 0x46, 0x6b, 0x64, 0x84, 0x68, 0x86, 0x68, 0x76, 0x68, 0x66,
    0x67, 0x6c, 0x68, 0x67, 0xc8, 0x87, 0x88, 0x87, 0x66, 0x87, 0x66, 0x76, 0x68, 0x68, 0xb7, 0x68,
    0x65, 0x47, 0x56, 0x6c, 0x87, 0x86, 0x66, 0x66, 0x46, 0x88, 0x66, 0x87, 0x66, 0x77, 0x66, 0x7c,
    0xbc, 0xc6, 0xdb, 0x7c, 0xcd, 0xde, 0xdc, 0xb3, 0x23, 0x22, 0x22, 0x22, 0x22, 0x22, 0x22, 0x22,
    0x23, 0x33, 0x7d, 0xdd, 0xdd, 0xed, 0xed, 0xf2, 0x22, 0x2f, 0x11, 0x11, 0x3a, 0x14, 0xdf, 0x73,
    0xcf, 0xfb, 0x3f, 0x32, 0x22, 0x22, 0x22, 0x22, 0xff, 0x22, 0x22, 0x22, 0x22, 0x22, 0x22, 0x22,
    0x22, 0x22, 0x22, 0x22, 0x22, 0x22, 0xf4, 0x4b, 0x53, 0x78, 0xb4, 0x22, 0x23, 0x32, 0x22, 0x22,
    0xf2, 0x22, 0x23, 0xf2, 0x22, 0x3e, 0x2f, 0x2d, 0xc8, 0x86, 0x88, 0xc5, 0x77, 0x76, 0x87, 0xc8,
    0x76, 0x78, 0x88, 0x66, 0x88, 0xd6, 0x68, 0x88, 0x8c, 0xc6, 0x88, 0xcc, 0x68, 0x66, 0xc8, 0x68,
    0x76, 0x68, 0x86, 0x86, 0xd8, 0x4c, 0xb6, 0xc7, 0x67, 0x66, 0x56, 0x69, 0x78, 0x66, 0x56, 0x54,
    0x56, 0x66, 0x76, 0x66, 0x87, 0x6c, 0x7c, 0xb6, 0xbc, 0xcc, 0xdb, 0x7c, 0xdc, 0xdd, 0xfe, 0x13,
    0x32, 0x22, 0x22, 0x22, 0x32, 0x22, 0x22, 0x22, 0x22, 0x3f, 0x33, 0xdf, 0xff, 0xfd, 0xde, 0xfd,
    0xb1, 0xb1, 0x11, 0x22, 0xfa, 0x4f, 0x41, 0xe3, 0x1f, 0x2f, 0xe3, 0x31, 0x22, 0x22, 0x22, 0x3d,
    0x89, 0xf2, 0x22, 0x22, 0x22, 0x22, 0x22, 0x22, 0x22, 0x22, 0x22, 0x22, 0x22, 0x22, 0x2f, 0x54,
    0x6f, 0xf8, 0xff, 0xcd, 0xbf, 0xb7, 0x52, 0x2f, 0xdb, 0x44, 0xd4, 0x23, 0xd4, 0xdd, 0xdb, 0xcd,
    0xd8, 0x88, 0x86, 0x6b, 0xc6, 0x86, 0x67, 0x88, 0x68, 0xc8, 0x88, 0x96, 0x76, 0xc8, 0x88, 0x6c,
    0x66, 0x86, 0xc8, 0xb8, 0x66, 0x66, 0x66, 0x66, 0x6c, 0x86, 0x78, 0x88, 0x8c, 0x68, 0x78, 0x88,
    0x76, 0x68, 0x54, 0x87, 0x66, 0x86, 0x66, 0x86, 0x66, 0x86, 0x66, 0x87, 0x68, 0xc8, 0xb8, 0x7b,
    0xc8, 0x8b, 0xcd, 0xdd, 0xbd, 0xdd, 0xff, 0xf8, 0x32, 0x42, 0x2c, 0x2e, 0xf2, 0x22, 0x22, 0x32,
    0x52, 0x2e, 0x34, 0xdf, 0xfe, 0xa2, 0x3f, 0x23, 0xe8, 0xb9, 0x11, 0x6f, 0xff, 0x11, 0x11, 0x12,
    0xf1, 0x41, 0xf1, 0x22, 0x21, 0x22, 0x2f, 0xfd, 0xee, 0xef, 0x52, 0x22, 0x22, 0x22, 0x22, 0x22,
    0x23, 0x22, 0x22, 0x32, 0x22, 0x22, 0x4f, 0x24, 0x22, 0x32, 0x2f, 0x23, 0x6e, 0xdf, 0xda, 0xcb,
    0xdd, 0xbd, 0x76, 0x86, 0xbd, 0x77, 0x6d, 0xbd, 0xdd, 0x76, 0x4c, 0xeb, 0x6c, 0x84, 0x86, 0x86,
    0x68, 0xa8, 0xce, 0x78, 0xe6, 0x88, 0xa7, 0xee, 0xe8, 0x86, 0x8c, 0x7d, 0x56, 0x68, 0x66, 0x68,
    0x66, 0x68, 0x86, 0x87, 0xc7, 0xe8, 0x4b, 0x8c, 0x78, 0x55, 0xc8, 0x78, 0x76, 0x66, 0x56, 0xb6,
    0x66, 0x65, 0x57, 0x86, 0x5c, 0x78, 0xc6, 0x76, 0xba, 0xdc, 0xde, 0x7e, 0xcd, 0xde, 0xdd, 0xef,
    0xf6, 0xf2, 0xd4, 0x44, 0x22, 0x21, 0xb3, 0x2f, 0x23, 0x3d, 0xfd, 0xde, 0xff, 0xf3, 0x22, 0x32,
    0xdf, 0xfd, 0xf1, 0xd3, 0x21, 0x11, 0x11, 0x21, 0x11, 0x11, 0x21, 0x22, 0x12, 0x22, 0x4c, 0x7d,
    0xdd, 0xee, 0x9f, 0x22, 0x22, 0x22, 0x22, 0x22, 0x22, 0x22, 0x22, 0x22, 0x22, 0x2f, 0xf4, 0x3f,
    0x32, 0x4f, 0x2b, 0xf7, 0xee, 0xdd, 0x77, 0x77, 0xa7, 0xb6, 0xdb, 0x6b, 0xbc, 0x8d, 0x8c, 0xbb,
    0xbc, 0x7c, 0x8c, 0x7e, 0x84, 0xe8, 0x87, 0x68, 0x84, 0xc7, 0x88, 0xc6, 0x8c, 0x68, 0xa8, 0x8c,
    0x8c, 0x96, 0x68, 0x87, 0x66, 0x88, 0x67, 0x6a, 0x66, 0x66, 0x6a, 0x8b, 0xcc, 0x87, 0x86, 0xbe,
    0x68, 0x7c, 0x78, 0x6e, 0xc6, 0x66, 0x47, 0x85, 0x67, 0x86, 0x76, 0x68, 0x86, 0x88, 0x6c, 0x7c,
    0x6c, 0xcb, 0xde, 0xcd, 0xbd, 0xee, 0x22, 0xae, 0x33, 0x24, 0x4f, 0x31, 0x32, 0x2f, 0x2a, 0x8b,
    0xf9, 0xdf, 0xdf, 0x32, 0xff, 0x33, 0xf3, 0x22, 0xdd, 0xed, 0xef, 0xf3, 0x21, 0x11, 0x12, 0x21,
    0x11, 0x12, 0x11, 0x22, 0x22, 0x22, 0xbb, 0x8c, 0xdc, 0xce, 0xdc, 0x32, 0x22, 0x22, 0x22, 0x22,
    0x22, 0x22, 0x22, 0x22, 0x22, 0x2f, 0xf8, 0x7d, 0xa4, 0xcb, 0xbd, 0xdd, 0xcb, 0xcc, 0x8e, 0xc8,
    0x88, 0x6d, 0xbc, 0x6e, 0x6c, 0xc8, 0xc7, 0xbb, 0xcd, 0xdc, 0x8e, 0xcc, 0x89, 0x89, 0x88, 0x89,
    0x46, 0x6c, 0x86, 0x88, 0x88, 0x88, 0x86, 0x87, 0x88, 0x8c, 0x88, 0xcd, 0x86, 0x88, 0x78, 0x67,
    0x68, 0x64, 0x78, 0x8b, 0xb8, 0xdc, 0x66, 0xc8, 0x86, 0x68, 0xd8, 0xe8, 0x76, 0x68, 0x68, 0x66,
    0x76, 0x86, 0x66, 0x77, 0xc7, 0x68, 0x78, 0x68, 0xb6, 0x8c, 0xde, 0xdc, 0xb8, 0xd3, 0x32, 0x32,
    0x33, 0x33, 0xe8, 0x33, 0x33, 0x34, 0x3d, 0x8d, 0xcd, 0x53, 0xf3, 0x52, 0xff, 0x33, 0x22, 0x22,
    0xed, 0xde, 0xbf, 0xf1, 0x3f, 0x11, 0x12, 0x11, 0x11, 0x11, 0x11, 0x21, 0x22, 0xe8, 0xd7, 0xbd,
    0xee, 0xed, 0x7c, 0xbb, 0x22, 0x22, 0x22, 0x22, 0x22, 0x22, 0x22, 0x22, 0x22, 0x2b, 0xdd, 0xb7,
    0xb7, 0xdb, 0xbb, 0xd7, 0xcd, 0xb8, 0xc7, 0xdd, 0xcd, 0xbc, 0xb8, 0xcd, 0xc6, 0xc8, 0xb6, 0xbb,
    0xbd, 0xcc, 0x6c, 0xcc, 0x87, 0x88, 0xce, 0x8a, 0x87, 0x86, 0x88, 0x46, 0x4e, 0x68, 0xb8, 0xcd,
    0x78, 0x68, 0xbc, 0x69, 0x88, 0x66, 0x87, 0x4e, 0x4c, 0x8c, 0x8a, 0x6d, 0xde, 0x7a, 0x8d, 0x8c,
    0xd8, 0x68, 0x6d, 0xe7, 0xc7, 0x8b, 0x88, 0x66, 0x76, 0x76, 0xc7, 0x76, 0x85, 0x77, 0x76, 0x76,
    0xb7, 0xb7, 0xca, 0xcd, 0xfd, 0xe2, 0xf2, 0x22, 0x22, 0x33, 0xfe, 0xde, 0x23, 0x33, 0x8d, 0xff,
    0xff, 0x33, 0x43, 0xf2, 0xc2, 0x33, 0x22, 0x22, 0xfe, 0xdd, 0xeb, 0xbf, 0xff, 0x1f, 0x22, 0x11,
    0x21, 0x18, 0x23, 0x33, 0xbd, 0xdd, 0xee, 0xed, 0x7e, 0xed, 0xdd, 0x78, 0xbd, 0x32, 0x22, 0x52,
    0x22, 0x22, 0x22, 0x22, 0x22, 0xfb, 0xdd, 0xbd, 0xdc, 0xbb, 0xbd, 0xca, 0xe8, 0xb8, 0x8b, 0xcd,
    0x7d, 0x77, 0x8c, 0xed, 0xd7, 0x68, 0x46, 0x88, 0xb8, 0xa8, 0x78, 0x86, 0x68, 0x8b, 0x89, 0x68,
    0x7c, 0x44, 0xb8, 0xe8, 0x68, 0x86, 0x6c, 0x88, 0xc6, 0xe8, 0x68, 0xcb, 0x7c, 0x88, 0x78, 0x86,
    0x78, 0x66, 0x87, 0x87, 0xdd, 0xdb, 0xed, 0xd7, 0x8a, 0xce, 0xec, 0x6d, 0x86, 0x7c, 0x66, 0x66,
    0x86, 0x86, 0x77, 0x87, 0x68, 0x4c, 0xc4, 0x66, 0xcc, 0xbc, 0x7a, 0xaf, 0x2f, 0x22, 0x2f, 0x27,
    0xa2, 0xdd, 0xde, 0xed, 0xed, 0xfd, 0xee, 0xdf, 0x2f, 0x3f, 0xdf, 0x8e, 0x41, 0x22, 0x22, 0x22,
    0xed, 0xee, 0x78, 0x7d, 0xfe, 0x6f, 0xf1, 0x11, 0x11, 0x12, 0xff, 0x47, 0xdd, 0xdd, 0xda, 0xde,
    0xed, 0xed, 0xdd, 0xed, 0xdc, 0x7d, 0xff, 0x22, 0x22, 0x22, 0x22, 0x23, 0x24, 0x6d, 0xbd, 0xdd,
    0xcb, 0xcd, 0xbe, 0xb7, 0x89, 0x66, 0x68, 0xc8, 0xa7, 0x8c, 0xb7, 0x86, 0x67, 0x88, 0x8e, 0x78,
    0x6c, 0x6c, 0x86, 0xd9, 0x87, 0x4a, 0x88, 0x86, 0x66, 0x48, 0x76, 0x86, 0x68, 0x66, 0x66, 0x88,
    0x86, 0x6a, 0x87, 0xcb, 0x67, 0x67, 0x66, 0x66, 0xb6, 0x46, 0x86, 0x7d, 0x7c, 0x7c, 0xde, 0x88,
    0x86, 0xc8, 0x87, 0x87, 0x66, 0x66, 0x65, 0x48, 0x7c, 0x78, 0xc7, 0x68, 0x7c, 0x68, 0x68, 0xb8,
    0x6d, 0xb7, 0xb3, 0x2f, 0xd7, 0xb2, 0xdd, 0xfe, 0xdf, 0xef, 0xdd, 0xed, 0xfe, 0xde, 0xfd, 0xe2,
    0xf3, 0xaf, 0xf4, 0xe2, 0xff, 0x32, 0x22, 0x22, 0x3f, 0xed, 0xbc, 0xcb, 0xde, 0xff, 0x41, 0x22,
    0x11, 0x12, 0x2f, 0x4d, 0xfd, 0xbe, 0xdc, 0xed, 0xfe, 0xde, 0xcd, 0xdd, 0x88, 0xdf, 0xf2, 0x22,
    0x22, 0x22, 0x23, 0x22, 0xff, 0x78, 0xbd, 0xde, 0xcd, 0xcd, 0xbb, 0x6d, 0xd7, 0x6c, 0xbb, 0x8c,
    0xac, 0xa8, 0x77, 0x86, 0x64, 0x8c, 0x8c, 0xc8, 0x67, 0xcb, 0x86, 0x87, 0xb8, 0x8c, 0x68, 0x66,
    0x76, 0x68, 0xc8, 0x78, 0x68, 0x88, 0xce, 0xc6, 0x8e, 0xc6, 0x86, 0xcd, 0x88, 0x6c, 0x66, 0x76,
    0x58, 0x68, 0x78, 0x86, 0x88, 0x7c, 0xdd, 0xdd, 0x68, 0x8b, 0xc8, 0x86, 0x66, 0x68, 0x64, 0x66,
    0x87, 0xc7, 0xb7, 0xc8, 0x6c, 0x87, 0xc7, 0xbc, 0xbd, 0x7b, 0x88, 0xdd, 0xdd, 0x7c, 0xde, 0xde,
    0xff, 0xff, 0xfe, 0xce, 0xee, 0xee, 0xed, 0xe3, 0xdf, 0xdd, 0xd9, 0x23, 0x2f, 0x32, 0x22, 0x32,
    0x22, 0xdd, 0xa3, 0x1e, 0x6f, 0xdd, 0x7a, 0x11, 0x11, 0x22, 0x21, 0x12, 0x7a, 0xef, 0xff, 0xff,
    0xdf, 0xdc, 0xdd, 0xfa, 0x62, 0x22, 0x22, 0x22, 0x22, 0x22, 0x22, 0x23, 0xff, 0xcd, 0xbc, 0xdb,
    0xdd, 0xbd, 0xdb, 0xbb, 0x7c, 0xcb, 0xb7, 0x88, 0x67, 0x86, 0x6c, 0x66, 0x67, 0x66, 0x68, 0x88,
    0x68, 0x84, 0x6b, 0x6c, 0x98, 0xe8, 0x66, 0x88, 0x86, 0x44, 0x88, 0x9a, 0x6c, 0xac, 0x66, 0x6c,
    0x88, 0x68, 0x6c, 0xb7, 0x8a, 0x66, 0xc6, 0x86, 0x66, 0x66, 0xe8, 0x98, 0xcc, 0x6d, 0x8e, 0x7c,
    0x78, 0x6c, 0xe9, 0x96, 0x85, 0x84, 0x88, 0x66, 0xc8, 0xcb, 0xb7, 0xb7, 0x88, 0x78, 0x77, 0x78,
    0x68, 0x8d, 0xbd, 0xcc, 0xc8, 0xcd, 0xdd, 0xee, 0xfe, 0xdd, 0xcc, 0xce, 0xee, 0xce, 0xdd, 0xe7,
    0xde, 0xc3, 0x23, 0x22, 0x23, 0xf3, 0x23, 0x23, 0xf2, 0x48, 0xc1, 0x2f, 0xf1, 0x31, 0x12, 0x22,
    0x11, 0x22, 0x11, 0x12, 0x11, 0x8f, 0x1f, 0xff, 0x23, 0xdf, 0xf2, 0x25, 0x22, 0x22, 0x22, 0x22,
    0x22, 0x22, 0x22, 0x2f, 0x3f, 0xd2, 0xdd, 0x6d, 0xb7, 0xdb, 0xcc, 0x7b, 0xbd, 0x76, 0x88, 0xb8,
    0x78, 0x7c, 0x77, 0x6c, 0xcc, 0x68, 0x85, 0x68, 0x87, 0xcc, 0x86, 0xcc, 0x88, 0x46, 0x86, 0x68,
    0xe6, 0x68, 0x46, 0x64, 0xcc, 0xd4, 0x8e, 0xeb, 0x88, 0x88, 0xbc, 0x86, 0xde, 0x88, 0x76, 0x5c,
    0x86, 0x68, 0x88, 0x8e, 0xcc, 0xc6, 0xee, 0x78, 0xe7, 0xb6, 0x86, 0x68, 0x64, 0x68, 0x8c, 0x46,
    0xbb, 0x87, 0xdb, 0x6b, 0x8c, 0xcc, 0x6c, 0xb8, 0xca, 0xeb, 0x8c, 0xb8, 0xcb, 0xdd, 0xdc, 0xbe,
    0xdd, 0xcb, 0xdd, 0xdc, 0xed, 0xde, 0xdc, 0xde, 0xdd, 0xbb, 0xda, 0x32, 0x22, 0xe4, 0x92, 0xf3,
    0x83, 0x4d, 0xff, 0x93, 0x11, 0x11, 0x11, 0x11, 0x22, 0x22, 0x11, 0x12, 0x11, 0xff, 0x1f, 0xc4,
    0x23, 0x7d, 0xf2, 0x2f, 0x22, 0x22, 0x32, 0x22, 0x22, 0x22, 0x23, 0x32, 0x62, 0x22, 0x22, 0x62,
    0x3d, 0xdb, 0xdc, 0xbb, 0xc8, 0xcc, 0x67, 0x67, 0x87, 0x6c, 0xc6, 0x66, 0x88, 0x87, 0xb6, 0x68,
    0x66, 0x68, 0x66, 0xbb, 0x68, 0x66, 0x66, 0x67, 0x97, 0x84, 0x66, 0x66, 0x87, 0x68, 0x88, 0x88,
    0x88, 0x87, 0x8d, 0xc8, 0xc8, 0x86, 0x67, 0x47, 0x86, 0x66, 0x86, 0xcd, 0xc8, 0x6d, 0x8d, 0xcc,
    0x8e, 0xd8, 0x88, 0x67, 0x67, 0x55, 0x67, 0x85, 0x6c, 0xc8, 0xc6, 0xc6, 0x8c, 0x87, 0x6b, 0x76,
    0x7c, 0xbd, 0xcd, 0xbe, 0xdd, 0xec, 0xed, 0xe8, 0x7d, 0xdd, 0x8c, 0xbd, 0xcc, 0xcb, 0xce, 0xdc,
    0xde, 0xdd, 0xdc, 0xf3, 0x2f, 0x9d, 0xd4, 0xdd, 0x1f, 0xff, 0xdd, 0xce, 0xff, 0x11, 0x11, 0x12,
    0x22, 0x21, 0x11, 0x12, 0x21, 0xc8, 0xd4, 0xdc, 0xff, 0xd7, 0x6f, 0x3f, 0x22, 0x22, 0x22, 0x22,
    0x22, 0x33, 0x32, 0x29, 0x22, 0x3f, 0x3c, 0xff, 0xcb, 0xdc, 0xb8, 0xa7, 0xb7, 0xd8, 0x7c, 0x78,
    0xb8, 0x8c, 0x78, 0x86, 0x86, 0x88, 0x7d, 0xb6, 0x46, 0x48, 0x88, 0x88, 0x78, 0x86, 0x88, 0x78,
    0x88, 0x68, 0x46, 0x88, 0xc8, 0xdc, 0x88, 0xc8, 0x88, 0x88, 0xac, 0x88, 0x76, 0x66, 0x68, 0x48,
    0x88, 0x86, 0x66, 0xce, 0xc8, 0xcc, 0xc6, 0x8d, 0xe8, 0xcc, 0x88, 0x75, 0x76, 0x66, 0x68, 0x66,
    0x68, 0xc7, 0xb7, 0xb7, 0x8c, 0x88, 0x6b, 0x67, 0x78, 0x77, 0x77, 0x7c, 0xc8, 0x8c, 0x6c, 0xd8,
    0xce, 0xbc, 0xcc, 0xed, 0x76, 0xcc, 0xcd, 0xcc, 0xdd, 0xdc, 0xcd, 0xed, 0x24, 0xcf, 0x2d, 0xdd,
    0x11, 0x37, 0x8d, 0xdd, 0xff, 0xf2, 0x11, 0xf3, 0x22, 0x21, 0x22, 0x22, 0x3f, 0xdb, 0xbb, 0xdb,
    0xdd, 0xcb, 0x6c, 0xcc, 0x42, 0x32, 0x22, 0x23, 0x22, 0x23, 0x32, 0x33, 0x23, 0x3d, 0xff, 0xdb,
    0x7b, 0xcd, 0xdd, 0xdb, 0xbb, 0xc7, 0xb8, 0x6b, 0xc6, 0xcb, 0xbc, 0xb7, 0x87, 0x88, 0xc7, 0xb6,
    0x87, 0x6c, 0x7c, 0xc7, 0x86, 0x8c, 0x88, 0x88, 0x88, 0x67, 0x46, 0x86, 0x6c, 0xcc, 0x8c, 0x68,
    0x78, 0xdc, 0x67, 0x7d, 0x88, 0x86, 0x67, 0x86, 0x88, 0x86, 0x66, 0x78, 0x87, 0x8c, 0xbc, 0x7a,
    0x68, 0x6d, 0x67, 0x47, 0x68, 0x66, 0x56, 0x68, 0x76, 0x66, 0x78, 0x77, 0x78, 0x57, 0x88, 0x66,
    0x76, 0x66, 0xb6, 0x8d, 0xd7, 0x8d, 0xdc, 0xc8, 0xca, 0x68, 0x6e, 0xcc, 0xeb, 0xcc, 0xee, 0xcc,
    0xcd, 0xdd, 0xdf, 0xfd, 0x74, 0xcf, 0x33, 0xdf, 0x12, 0x2f, 0xdd, 0xdd, 0xdf, 0xff, 0x11, 0xfd,
    0xff, 0xff, 0xfb, 0xdc, 0xbd, 0xbd, 0xed, 0xdd, 0xed, 0xa7, 0xcc, 0xcd, 0xec, 0xdf, 0xff, 0x52,
    0x22, 0x22, 0x22, 0x23, 0x22, 0x22, 0xf2, 0xf7, 0x45, 0xdc, 0x6b, 0xfd, 0xcb, 0x88, 0xbb, 0xcc,
    0x66, 0x68, 0xcc, 0x76, 0x6c, 0x86, 0x68, 0xc6, 0x68, 0x86, 0x76, 0x88, 0x84, 0x88, 0x86, 0x68,
    0x78, 0x88, 0x86, 0x88, 0x88, 0x88, 0x88, 0x86, 0x88, 0xc8, 0xcc, 0xa8, 0x6c, 0x78, 0x86, 0x68,
    0x78, 0x86, 0x86, 0x88, 0x67, 0xce, 0x88, 0x88, 0x88, 0x87, 0x66, 0x78, 0x66, 0x66, 0x88, 0xc6,
    0x66, 0x65, 0x76, 0x78, 0x67, 0x57, 0x87, 0x67, 0x6c, 0x88, 0x86, 0x88, 0x86, 0x88, 0x66, 0x78,
    0x8c, 0xcc, 0x86, 0x86, 0xcb, 0xcc, 0xce, 0xcd, 0xce, 0xdd, 0xde, 0xdf, 0x3d, 0xeb, 0x53, 0xdd,
    0x22, 0x12, 0x7e, 0xde, 0xee, 0xff, 0x21, 0x23, 0xcb, 0xbf, 0xbd, 0xdd, 0xbd, 0xcd, 0xbc, 0xdd,
    0xdb, 0xcc, 0xcd, 0xec, 0xdb, 0x54, 0x7f, 0x32, 0x22, 0x22, 0x22, 0x22, 0x22, 0x22, 0x32, 0x33,
    0x32, 0x32, 0xf3, 0xf4, 0x33, 0x7b, 0xb7, 0x86, 0xc7, 0x68, 0xcc, 0x88, 0x68, 0x68, 0x88, 0xbb,
    0x68, 0x66, 0x86, 0x48, 0x84, 0x88, 0x86, 0x66, 0x86, 0x66, 0x66, 0x86, 0x68, 0x68, 0x68, 0x87,
    0x88, 0xcc, 0x6c, 0xa8, 0xe8, 0x66, 0x66, 0x58, 0x87, 0xc8, 0x66, 0x86, 0x77, 0x68, 0xe8, 0x88,
    0x86, 0x66, 0x76, 0x68, 0x68, 0x66, 0x68, 0x86, 0x56, 0x76, 0x87, 0x6b, 0x66, 0x77, 0x67, 0x65,
    0x76, 0x78, 0x68, 0xc7, 0x87, 0x66, 0x66, 0x68, 0x86, 0x8c, 0x88, 0x67, 0x86, 0xcc, 0xee, 0xee,
    0xcd, 0xdd, 0xcd, 0xdf, 0x3b, 0xdb, 0xdd, 0xdf, 0x21, 0x22, 0xfd, 0xfd, 0xbe, 0xbd, 0xf1, 0x11,
    0x3f, 0xbd, 0xfb, 0xbc, 0xdb, 0xdb, 0xbd, 0xdd, 0xba, 0xec, 0xd7, 0xeb, 0x7f, 0xb4, 0x33, 0x21,
    0x22, 0x22, 0x22, 0x22, 0x12, 0x22, 0x22, 0x22, 0x33, 0x32, 0x22, 0xb3, 0x33, 0xba, 0x6b, 0x8c,
    0x66, 0xc9, 0x7c, 0xdc, 0x7d, 0xec, 0x87, 0x84, 0x66, 0x88, 0x87, 0x9e, 0x8b, 0xd4, 0x8e, 0x8c,
    0xc6, 0x8c, 0x76, 0x6c, 0x78, 0x86, 0x8e, 0x88, 0xc6, 0xec, 0x88, 0xae, 0x68, 0x8b, 0x77, 0x66,
    0x6b, 0x88, 0xac, 0xe6, 0xa8, 0xe6, 0xbe, 0x86, 0x86, 0x66, 0x7c, 0xac, 0x7c, 0xc8, 0x87, 0x87,
    0x67, 0xc6, 0x78, 0x87, 0x65, 0x88, 0x87, 0x6c, 0x55, 0x68, 0x77, 0x76, 0xb4, 0x86, 0x66, 0x67,
    0xb4, 0x88, 0x66, 0x8b, 0x88, 0x6c, 0xcc, 0xce, 0xea, 0xdc, 0x8c, 0x7d, 0xce, 0xdd, 0xed, 0xdd,
    0x31, 0x22, 0xfc, 0xed, 0xde, 0xed, 0xf1, 0x11, 0x1f, 0xff, 0xdf, 0xff, 0xff, 0xdf, 0xff, 0xdd,
    0xbe, 0xce, 0xdc, 0xff, 0xbf, 0xf3, 0x12, 0x22, 0x22, 0x22, 0x22, 0x12, 0x22, 0x22, 0x22, 0x22,
    0x32, 0x24, 0x23, 0x22, 0x64, 0xcd, 0x68, 0x78, 0x85, 0x87, 0xcb, 0x6d, 0xc7, 0x78, 0x6c, 0x68,
    0x78, 0x68, 0x67, 0x68, 0xc8, 0xd8, 0x68, 0xed, 0x86, 0x86, 0x68, 0x48, 0x6c, 0x8c, 0xcc, 0x68,
    0xc8, 0x98, 0x84, 0x6b, 0x88, 0xb6, 0x86, 0x6a, 0x47, 0x4c, 0x67, 0xe7, 0xd8, 0x48, 0x8c, 0x9a,
    0x66, 0x68, 0x67, 0xc6, 0x8c, 0xb6, 0x86, 0xc7, 0x7d, 0x66, 0x56, 0x65, 0x67, 0x6b, 0x86, 0x67,
    0x58, 0x68, 0xc6, 0x5c, 0xc8, 0x85, 0xe6, 0x67, 0x86, 0x66, 0x86, 0x88, 0x6c, 0x68, 0xda, 0xc7,
    0xce, 0xea, 0x6d, 0x8c, 0xbc, 0x7d, 0xed, 0xed, 0xd2, 0x11, 0xdf, 0xff, 0x33, 0xdd, 0x21, 0x11,
    0x11, 0x17, 0x81, 0x22, 0x14, 0x42, 0x22, 0xed, 0xdd, 0xea, 0xc6, 0x22, 0xc8, 0x32, 0x22, 0x22,
    0x22, 0x22, 0x21, 0x21, 0x41, 0x25, 0x82, 0x31, 0xff, 0x34, 0x4c, 0xff, 0x78, 0xb4, 0x4f, 0xcc,
    0xf7, 0x6c, 0x7b, 0xbc, 0xdc, 0x86, 0x98, 0x88, 0x85, 0x88, 0x9a, 0x88, 0x86, 0x66, 0x88, 0x8d,
    0x86, 0x76, 0xa6, 0x84, 0x8c, 0x8c, 0x66, 0x88, 0x89, 0x88, 0x6c, 0xdc, 0xbc, 0x7c, 0xd8, 0x67,
    0x78, 0x78, 0xa9, 0x87, 0xdb, 0xc8, 0x8b, 0xe7, 0x66, 0x84, 0xc6, 0xdc, 0x78, 0xb6, 0x87, 0x66,
    0x76, 0x56, 0x76, 0x87, 0x6c, 0x76, 0x78, 0x88, 0xb7, 0x88, 0x8c, 0xc8, 0x66, 0x5c, 0x68, 0x8c,
    0x85, 0x66, 0x86, 0x86, 0x8c, 0xdb, 0xc8, 0x8c, 0xed, 0x8c, 0xcc, 0xde, 0x7e, 0xde, 0xdd, 0xdc,
    0x6f, 0x2f, 0xdf, 0xf7, 0x32, 0xef, 0x11, 0x11, 0x12, 0x2b, 0xf1, 0x12, 0x2f, 0x41, 0x32, 0xed,
    0xed, 0xdb, 0x8b, 0x22, 0x48, 0x32, 0x22, 0x22, 0x22, 0x22, 0xb3, 0x1f, 0xd8, 0x33, 0x4b, 0xff,
    0xff, 0x8d, 0x6b, 0xd4, 0x3b, 0xf2, 0xb2, 0xdf, 0x24, 0x46, 0x57, 0x7b, 0x6b, 0xcc, 0x88, 0x48,
    0x68, 0x68, 0x8d, 0xcc, 0xa6, 0x68, 0x6b, 0xcd, 0xec, 0xc7, 0x88, 0xe9, 0xc7, 0x8c, 0xc6, 0x86,
    0x87, 0xcc, 0xcb, 0x88, 0x96, 0x8c, 0x46, 0x88, 0x86, 0x67, 0xc6, 0x8c, 0x6c, 0x88, 0x8c, 0xcb,
    0x6c, 0x78, 0x88, 0x8c, 0x87, 0x67, 0x87, 0x67, 0x58, 0x76, 0x66, 0x65, 0xc5, 0x56, 0x67, 0x86,
    0x66, 0x67, 0x46, 0x66, 0x86, 0x86, 0x68, 0x68, 0x68, 0x86, 0x68, 0x48, 0xbd, 0x78, 0x8e, 0x68,
    0xeb, 0xcc, 0x9d, 0xc7, 0x8d, 0xca, 0xb7, 0xdb, 0x2f, 0xfb, 0xdb, 0xd1, 0x37, 0xef, 0x21, 0x11,
    0x2d, 0x4b, 0xb4, 0x5f, 0xdf, 0x73, 0xbf, 0xdd, 0x7e, 0xc7, 0xbb, 0xd3, 0x67, 0x31, 0x12, 0x22,
    0x22, 0x22, 0x21, 0x12, 0x22, 0x32, 0x3f, 0x3f, 0xcf, 0x26, 0xf2, 0xf3, 0x12, 0x22, 0x27, 0x42,
    0x32, 0xf6, 0x2f, 0xc8, 0xcc, 0x88, 0x78, 0x46, 0x86, 0x64, 0x8c, 0xec, 0x8c, 0x6b, 0x64, 0x68,
    0x88, 0x9c, 0x68, 0x8d, 0x66, 0x88, 0xe8, 0x68, 0x88, 0x8c, 0x8d, 0xc8, 0x88, 0x88, 0xc8, 0xb8,
    0x88, 0xc6, 0xcc, 0x8c, 0xcc, 0xe8, 0xe8, 0x8c, 0x88, 0xbc, 0x86, 0x8c, 0x68, 0x66, 0x68, 0x55,
    0x67, 0x66, 0x76, 0x66, 0x87, 0x76, 0x67, 0x87, 0x56, 0x76, 0x76, 0x78, 0x56, 0x66, 0x44, 0x76,
    0x66, 0x77, 0x58, 0x8c, 0x68, 0xec, 0x66, 0xee, 0xdc, 0xe6, 0xc8, 0xce, 0x66, 0xcc, 0xcb, 0xdc,
    0xdf, 0xfb, 0xdc, 0xf1, 0x12, 0xdc, 0xe1, 0x22, 0x11, 0x1f, 0xf1, 0x21, 0x14, 0xf2, 0x11, 0xfd,
    0xe7, 0xbc, 0xcb, 0x22, 0xff, 0x31, 0x12, 0x22, 0x22, 0x12, 0x21, 0x22, 0x11, 0x23, 0x22, 0x22,
    0x22, 0x22, 0x27, 0x22, 0x22, 0x27, 0x22, 0x44, 0xbf, 0xfb, 0xdd, 0x88, 0x6b, 0x68, 0x68, 0x68,
    0xb8, 0x88, 0x7b, 0x88, 0xb7, 0x88, 0x88, 0x86, 0x86, 0x8e, 0x86, 0x87, 0x88, 0x88, 0x8c, 0xc6,
    0xc7, 0x6c, 0x7c, 0x78, 0x87, 0x86, 0x67, 0xcc, 0x87, 0x86, 0x88, 0x68, 0x87, 0x88, 0xa6, 0x6c,
    0x8b, 0xcc, 0xcc, 0x67, 0xc6, 0x87, 0x66, 0x77, 0x67, 0x66, 0x76, 0x78, 0x76, 0x66, 0x77, 0xb6,
    0xc8, 0x76, 0x77, 0x68, 0x46, 0x46, 0x68, 0x6c, 0x88, 0x66, 0x78, 0x66, 0x68, 0x87, 0x88, 0x7c,
    0xde, 0xcc, 0xcc, 0xc8, 0xcc, 0xcb, 0x8d, 0xed, 0xde, 0xec, 0xed, 0xcc, 0x22, 0xff, 0xfc, 0x22,
    0x21, 0x2f, 0xf1, 0x11, 0x1f, 0xf1, 0x11, 0xce, 0xcd, 0xbc, 0xcc, 0xd3, 0xfd, 0xd3, 0x32, 0x22,
    0x22, 0x44, 0x32, 0x21, 0x12, 0x22, 0x21, 0x22, 0x23, 0x23, 0x24, 0x3f, 0xff, 0xf6, 0x34, 0xff,
    0xdc, 0x7d, 0xff, 0xd8, 0x64, 0x86, 0x86, 0xc6, 0xe8, 0x88, 0x86, 0xce, 0x88, 0xc8, 0x78, 0x68,
    0x68, 0x8c, 0x66, 0x8c, 0x88, 0x86, 0x8b, 0x77, 0x88, 0x8c, 0x85, 0x84, 0x78, 0x76, 0x6e, 0x68,
    0xc4, 0x66, 0x86, 0x68, 0x68, 0xe8, 0x86, 0xc8, 0xcb, 0x8c, 0x68, 0x76, 0x68, 0x88, 0x66, 0x68,
    0x66, 0x86, 0x67, 0x86, 0x88, 0x66, 0x66, 0x66, 0x68, 0x66, 0x64, 0x76, 0x65, 0x66, 0xb6, 0x78,
    0x66, 0x68, 0x86, 0x86, 0x88, 0xc8, 0x88, 0x88, 0x7c, 0xdc, 0xc6, 0xdc, 0xdc, 0xde, 0x8c, 0xdd,
    0xed, 0xdc, 0xcc, 0xcd, 0xf2, 0x8d, 0xdd, 0x23, 0x22, 0x2f, 0x41, 0x22, 0x1f, 0xc1, 0x13, 0xcd,
    0xcd, 0xbc, 0xcb, 0xdd, 0xa8, 0xdf, 0xf2, 0x22, 0xb1, 0xff, 0x4f, 0x11, 0x22, 0x22, 0x12, 0x12,
    0x22, 0x2f, 0x22, 0x2f, 0x26, 0x48, 0xdf, 0xf8, 0x7f, 0xdc, 0x7d, 0xe7, 0x66, 0x87, 0x78, 0xce,
    0x8c, 0x88, 0x6d, 0x6e, 0x88, 0x6c, 0xc8, 0x86, 0x68, 0xc8, 0x88, 0xca, 0x88, 0x88, 0x66, 0x88,
    0x86, 0x68, 0x66, 0x56, 0x68, 0x6b, 0x86, 0xc7, 0x86, 0x88, 0x87, 0x76, 0x88, 0xce, 0x88, 0x88,
    0x8e, 0x6e, 0xc8, 0x48, 0x88, 0x88, 0x66, 0x67, 0x66, 0xc7, 0x66, 0x66, 0x68, 0x65, 0x68, 0x55,
    0x68, 0x46, 0x7c, 0x87, 0x57, 0x66, 0xc7, 0x67, 0x66, 0x68, 0x88, 0x74, 0x6b, 0x8d, 0x8c, 0xba,
    0x8c, 0xe6, 0xc8, 0xe7, 0xcc, 0xda, 0x68, 0xbc, 0xde, 0xdd, 0xc6, 0xb6, 0xff, 0x2d, 0xdf, 0xd3,
    0x21, 0x38, 0xd2, 0x22, 0x1d, 0x41, 0x2f, 0xa7, 0xd8, 0x7e, 0xce, 0xbd, 0xcd, 0xf2, 0x22, 0x32,
    0x6b, 0x77, 0xef, 0xf2, 0x22, 0x22, 0x22, 0x22, 0x21, 0x13, 0x22, 0x22, 0x22, 0x22, 0xf3, 0x23,
    0x1f, 0xc6, 0xb6, 0x68, 0xbe, 0xa8, 0xc8, 0xe8, 0xc8, 0xc8, 0x8e, 0xe8, 0xcb, 0xc6, 0xd9, 0x8c,
    0xa8, 0x6c, 0x66, 0x78, 0xc8, 0x8c, 0xee, 0xdd, 0xe6, 0x86, 0x68, 0x74, 0x68, 0x68, 0xa8, 0x74,
    0x66, 0x86, 0x7e, 0xb8, 0xe8, 0xce, 0x86, 0x88, 0x6c, 0xd8, 0x6b, 0x68, 0x6c, 0xa8, 0x76, 0x76,
    0x76, 0x76, 0x88, 0x88, 0x66, 0xc6, 0x67, 0xc8, 0x76, 0x78, 0xd7, 0x85, 0x55, 0x66, 0x66, 0x6c,
    0x78, 0x68, 0x88, 0x67, 0xcb, 0xda, 0x77, 0xbd, 0x7c, 0xa8, 0x6c, 0xae, 0xce, 0xae, 0x7c, 0xbc,
    0xde, 0xcc, 0x7c, 0xb8, 0xed, 0xfd, 0xed, 0xd7, 0x27, 0x8d, 0xf7, 0x22, 0x18, 0xd2, 0x3c, 0xdb,
    0xde, 0xac, 0xbc, 0xad, 0xdd, 0xf3, 0x1f, 0x53, 0x8d, 0xfb, 0xff, 0xf7, 0x11, 0x12, 0x22, 0x22,
    0x22, 0x21, 0x22, 0x22, 0x23, 0x32, 0x22, 0x32, 0xf2, 0x2f, 0x53, 0x47, 0x8b, 0xcb, 0xbc, 0x78,
    0x7e, 0x8c, 0x8e, 0xcb, 0x6e, 0xea, 0xc7, 0xcd, 0xe6, 0x98, 0x68, 0xc6, 0x8c, 0xe6, 0xec, 0x88,
    0x68, 0x85, 0xb7, 0x87, 0x66, 0x66, 0x65, 0x58, 0x68, 0x86, 0x46, 0x88, 0xce, 0xb8, 0x6c, 0xc8,
    0x66, 0x8c, 0x8d, 0xc6, 0x87, 0x88, 0x86, 0x8d, 0x77, 0x76, 0x68, 0x4b, 0x68, 0x66, 0x68, 0xb8,
    0x78, 0x76, 0x86, 0x78, 0xb6, 0xc7, 0xc7, 0x7c, 0x4c, 0x68, 0x68, 0x6c, 0xcd, 0x7d, 0x77, 0xda,
    0xbd, 0xd7, 0x87, 0xcd, 0x8c, 0xac, 0x8d, 0xcc, 0xdd, 0xec, 0xcc, 0xce, 0xcd, 0xfd, 0xdb, 0xdb,
    0x2d, 0xbd, 0xbc, 0x31, 0x1f, 0xf2, 0x9e, 0xdd, 0xda, 0xcd, 0xcb, 0xc7, 0xed, 0x73, 0x1e, 0xf6,
    0x8d, 0xff, 0xdd, 0xaf, 0x22, 0x22, 0x22, 0x22, 0x22, 0x21, 0x22, 0x22, 0x2f, 0x32, 0x22, 0xb2,
    0xf1, 0x25, 0x33, 0xfb, 0x7c, 0x8c, 0x6c, 0xcc, 0xec, 0xcc, 0xe7, 0x8c, 0x76, 0xdc, 0x8e, 0x89,
    0x88, 0x78, 0x68, 0x68, 0x88, 0xc8, 0xbc, 0xc6, 0xa6, 0x86, 0x87, 0x78, 0x76, 0x56, 0x66, 0x68,
    0x66, 0x76, 0x76, 0xb7, 0xa6, 0xa7, 0x88, 0x78, 0x86, 0x86, 0x76, 0x78, 0x78, 0x86, 0x84, 0x78,
    0x76, 0x7c, 0x86, 0x88, 0x86, 0x87, 0x8c, 0x8b, 0x86, 0x4b, 0x7c, 0x8c, 0xc8, 0x68, 0x78, 0x7c,
    0x88, 0x66, 0x86, 0x8c, 0xcc, 0x87, 0x57, 0xdb, 0xdd, 0x78, 0x7c, 0xd8, 0xc8, 0xb7, 0xe7, 0xdc,
    0xdd, 0xdc, 0x7c, 0x7d, 0xcd, 0xdc, 0xca, 0xdb, 0x3d, 0xb7, 0x7d, 0x53, 0x2f, 0x81, 0xfb, 0xbe,
    0xdc, 0xca, 0xcc, 0xbd, 0xbd, 0xdf, 0x11, 0x16, 0xb8, 0xdd, 0xdd, 0xd4, 0x22, 0x22, 0x21, 0x11,
    0x11, 0x22, 0x22, 0x22, 0x22, 0x22, 0xf2, 0x23, 0x23, 0xf3, 0x27, 0xff, 0x43, 0xbf, 0xf5, 0x8c,
    0x7c, 0xc8, 0x7e, 0xde, 0xea, 0x87, 0xec, 0x86, 0x67, 0x66, 0xe8, 0x86, 0x68, 0xcc, 0xce, 0x6c,
    0x88, 0x88, 0x68, 0x86, 0x86, 0x66, 0x65, 0x67, 0x85, 0x87, 0x66, 0xbc, 0x86, 0x67, 0x68, 0x68,
    0x68, 0x68, 0x88, 0x64, 0xc8, 0x86, 0x66, 0x68, 0x88, 0x8c, 0xdc, 0x88, 0x6c, 0x8b, 0x6c, 0xb8,
    0x68, 0xc7, 0x87, 0xc7, 0x87, 0x87, 0xc7, 0x8c, 0xc7, 0x68, 0x76, 0x66, 0xbd, 0x7f, 0x37, 0x7a,
    0x78, 0xe7, 0x8d, 0xdd, 0xed, 0xdc, 0xcd, 0xcd, 0xec, 0xdd, 0xcd, 0xd8, 0xd7, 0xdc, 0x6c, 0x8c,
    0x8d, 0xd7, 0xbc, 0x33, 0x27, 0x41, 0xce, 0xcb, 0xc8, 0xc6, 0xc8, 0xce, 0x78, 0xbd, 0xf1, 0x14,
    0x23, 0x38, 0x31, 0xf4, 0x11, 0xf2, 0x21, 0x13, 0x31, 0x22, 0x22, 0x22, 0x22, 0x22, 0x22, 0x22,
    0x2f, 0x33, 0x43, 0x1f, 0x23, 0x32, 0x42, 0xfa, 0x8d, 0xdd, 0xc7, 0xcb, 0xec, 0x8c, 0xc6, 0x64,
    0x6c, 0x8c, 0x68, 0x8c, 0x87, 0x9a, 0xe8, 0xc8, 0x88, 0x87, 0x48, 0x68, 0x74, 0x46, 0x64, 0x56,
    0x68, 0x78, 0x76, 0x77, 0x77, 0x86, 0x66, 0x86, 0x66, 0x87, 0x76, 0xa8, 0x88, 0x86, 0x68, 0x88,
    0xcc, 0xac, 0xc8, 0x88, 0x8c, 0xb6, 0x8c, 0xc8, 0x8c, 0xed, 0xcc, 0xdc, 0xcc, 0x86, 0x86, 0x68,
    0x88, 0xb7, 0x76, 0x87, 0x9b, 0x7f, 0x13, 0xd7, 0x87, 0xe8, 0xac, 0xed, 0xee, 0xdc, 0xcc, 0xce,
    0xbc, 0xcc, 0x7b, 0xdf, 0xc7, 0xcc, 0x7d, 0xdc, 0xde, 0xeb, 0x7d, 0xbd, 0xbd, 0xbd, 0xdd, 0xbd,
    0xbd, 0x7d, 0x78, 0xca, 0x8d, 0x78, 0xe2, 0x23, 0x23, 0xc7, 0x32, 0x2f, 0x39, 0x11, 0x11, 0x8f,
    0xdf, 0x22, 0x22, 0x22, 0x22, 0x22, 0x22, 0x22, 0x32, 0x22, 0x23, 0x22, 0x22, 0x22, 0x13, 0x25,
    0x24, 0x42, 0xf8, 0x8c, 0xce, 0xac, 0xcc, 0x88, 0xc8, 0xe8, 0xc6, 0x6c, 0xcd, 0xce, 0xcc, 0xcd,
    0xca, 0xc7, 0x66, 0x66, 0x67, 0x86, 0x65, 0x86, 0x86, 0x68, 0x67, 0x77, 0x67, 0x8d, 0x78, 0xb7,
    0x86, 0x66, 0x66, 0x86, 0x88, 0x86, 0x46, 0x86, 0xec, 0xc7, 0xe9, 0xec, 0x88, 0xc8, 0x8c, 0xce,
    0xd8, 0xec, 0xdc, 0xcc, 0xed, 0x88, 0xc8, 0x87, 0x87, 0x68, 0x66, 0xc8, 0x78, 0xbf, 0x3c, 0x87,
    0x7e, 0xad, 0xce, 0xdd, 0xee, 0xde, 0xcd, 0xdd, 0xe7, 0xda, 0xbd, 0xd2, 0xfd, 0xbd, 0xcb, 0xcd,
    0xa7, 0xde, 0xbd, 0xdb, 0xdb, 0xde, 0xde, 0xdd, 0xdd, 0xec, 0xc7, 0xdc, 0xed, 0xdd, 0xc3, 0x23,
    0xfb, 0x48, 0x63, 0xff, 0xd1, 0x11, 0x23, 0xce, 0xbd, 0x52, 0x21, 0x22, 0x22, 0x22, 0x22, 0x22,
    0x22, 0x22, 0x22, 0x22, 0x33, 0x34, 0x33, 0x5d, 0x3d, 0xf3, 0xcd, 0xd7, 0xbc, 0x7d, 0xcc, 0xe8,
    0x8c, 0x7c, 0xc8, 0x88, 0xce, 0xec, 0xed, 0xa8, 0xc8, 0xb8, 0x46, 0x76, 0xb6, 0x68, 0x85, 0x68,
    0x58, 0x76, 0x84, 0x88, 0x46, 0x66, 0x8b, 0x86, 0xc6, 0xd6, 0x48, 0x78, 0x78, 0x76, 0x48, 0x68,
    0x86, 0xac, 0x8c, 0x8e, 0xc6, 0xe9, 0xc7, 0xce, 0xeb, 0xdc, 0xdd, 0xfc, 0xdd, 0xcd, 0xc7, 0xc7,
    0xd8, 0x88, 0x86, 0x87, 0xd7, 0x88, 0xcc, 0x86, 0xd8, 0xae, 0xac, 0xdd, 0x1f, 0xd8, 0xdd, 0xde,
    0xdd, 0x7c, 0xbb, 0xb3, 0x2f, 0xd6, 0xbc, 0x7c, 0xed, 0x7c, 0xeb, 0xdb, 0xfb, 0xdb, 0xeb, 0xdb,
    0xeb, 0x7c, 0xde, 0x6c, 0xdd, 0xcb, 0xcb, 0xf3, 0xd1, 0xf4, 0x51, 0x34, 0x21, 0x12, 0xff, 0xde,
    0xe7, 0xff, 0x22, 0x22, 0x22, 0x22, 0x22, 0x24, 0x22, 0x22, 0x22, 0x2e, 0x5f, 0x67, 0xa6, 0xdf,
    0x87, 0xe8, 0xce, 0xec, 0xbe, 0xcb, 0xc8, 0xed, 0x88, 0xce, 0xe8, 0xec, 0xcc, 0xa8, 0xcc, 0x98,
    0x8c, 0x6c, 0x6c, 0x65, 0x66, 0x86, 0x67, 0x47, 0x47, 0x46, 0x85, 0x58, 0x86, 0x58, 0x87, 0x78,
    0x68, 0x67, 0x44, 0x88, 0x8c, 0x47, 0x86, 0x4d, 0x98, 0x88, 0x8e, 0x67, 0xcc, 0x88, 0x8d, 0xcc,
    0xde, 0x87, 0xce, 0xfd, 0xed, 0xed, 0xeb, 0xbd, 0x87, 0x86, 0x88, 0x68, 0xb8, 0x88, 0x8c, 0x6b,
    0xba, 0x9d, 0xcd, 0x83, 0x37, 0x8d, 0xac, 0xbd, 0xc7, 0xbb, 0x7d, 0xbd, 0x2b, 0xdb, 0xca, 0xdd,
    0xdb, 0xbd, 0xd3, 0x32, 0x23, 0x38, 0xdd, 0xde, 0xcc, 0xdd, 0xd7, 0xdd, 0xb7, 0x7b, 0xdc, 0xfa,
    0x73, 0x4b, 0x11, 0x1f, 0x31, 0x13, 0x48, 0xef, 0xef, 0xff, 0x52, 0x21, 0x22, 0x22, 0x23, 0x4f,
    0x3e, 0x22, 0x22, 0x22, 0x23, 0x32, 0x32, 0xdd, 0xc6, 0xbd, 0x76, 0x77, 0xbe, 0xce, 0xbc, 0x98,
    0x8c, 0x6d, 0xcc, 0xee, 0xcc, 0xec, 0xc6, 0xc6, 0xc8, 0xe8, 0x86, 0x86, 0x58, 0x76, 0x78, 0x84,
    0x77, 0x66, 0x86, 0x58, 0x66, 0x57, 0x68, 0x87, 0x74, 0x66, 0xd8, 0x8c, 0x86, 0x88, 0xd8, 0x88,
    0xc6, 0x88, 0xcc, 0xcc, 0xcc, 0xed, 0x8c, 0xcc, 0xbc, 0xcd, 0xcb, 0xef, 0x2d, 0xdd, 0xdd, 0xd8,
    0xbc, 0xb7, 0x88, 0x86, 0x76, 0x78, 0xc8, 0xcc, 0xeb, 0xbe, 0xcb, 0x72, 0x3d, 0xed, 0xbd, 0xcd,
    0xcd, 0x7c, 0xcb, 0xdd, 0x23, 0xda, 0xab, 0xbd, 0x8a, 0x8d, 0xd4, 0x32, 0x32, 0x33, 0x3f, 0xdd,
    0xdd, 0xdd, 0xdd, 0xcd, 0xc4, 0x8b, 0xcd, 0xcc, 0xd7, 0xdf, 0x21, 0x2f, 0x31, 0x34, 0xff, 0xff,
    0xdf, 0xd8, 0x42, 0x12, 0x22, 0x22, 0x23, 0xfb, 0x6f, 0x32, 0x22, 0x22, 0x23, 0x32, 0x33, 0x43,
    0x33, 0xfd, 0xd7, 0xcb, 0xce, 0xcc, 0xbc, 0xee, 0x6b, 0xcc, 0xdc, 0xce, 0x7c, 0xd8, 0xce, 0x69,
    0x6e, 0xc8, 0x6d, 0x87, 0x87, 0x87, 0x8c, 0x46, 0x46, 0x78, 0x66, 0x76, 0x67, 0x68, 0x7c, 0xc8,
    0x6b, 0x48, 0x68, 0x67, 0xc8, 0x86, 0x87, 0xce, 0x8d, 0xec, 0x8e, 0xcc, 0x8e, 0xc8, 0x68, 0xac,
    0xdd, 0xdc, 0xdb, 0xdf, 0x23, 0xdd, 0xed, 0xdd, 0xc7, 0x86, 0x66, 0xc6, 0x86, 0x76, 0x88, 0x68,
    0x67, 0xcd, 0xdb, 0x42, 0xfd, 0xec, 0xcc, 0xec, 0xcd, 0xd8, 0xdc, 0xbd, 0x33, 0x7d, 0xdd, 0xdd,
    0x88, 0xce, 0xde, 0x7d, 0xf2, 0x22, 0x2b, 0xed, 0xdd, 0xfc, 0xcd, 0xde, 0xc6, 0xab, 0xec, 0x7d,
    0xbc, 0xc7, 0x31, 0x2f, 0x31, 0x2f, 0xfe, 0xdd, 0xb8, 0x6d, 0xff, 0x12, 0x22, 0x19, 0x31, 0x49,
    0xff, 0x74, 0x22, 0x52, 0x22, 0x23, 0x22, 0x32, 0x92, 0xff, 0x48, 0xfb, 0xbc, 0xd6, 0xbe, 0x6d,
    0xc8, 0xbe, 0xc7, 0xc8, 0xc6, 0xc8, 0x66, 0x8c, 0xcb, 0x86, 0x86, 0x8b, 0x77, 0xd6, 0xc8, 0x64,
    0x78, 0x66, 0xb4, 0x85, 0x88, 0x76, 0xb7, 0xb6, 0x4d, 0xdb, 0x84, 0x68, 0x68, 0x8b, 0xc8, 0x88,
    0xce, 0x7c, 0xec, 0xcc, 0xc8, 0xec, 0x6b, 0xae, 0xdb, 0xed, 0xdb, 0xb7, 0xb2, 0xbb, 0xec, 0xdd,
    0xcc, 0xc6, 0x6b, 0x68, 0xcc, 0x86, 0x8c, 0x68, 0x67, 0xdc, 0xcd, 0x33, 0xce, 0xde, 0xee, 0xdd,
    0xdd, 0xcc, 0xbd, 0xbc, 0x22, 0x4a, 0xed, 0xcd, 0x7d, 0x8d, 0x7b, 0xec, 0xb8, 0x32, 0x32, 0xfd,
    0xde, 0xfd, 0xee, 0xde, 0xde, 0x7d, 0x87, 0xd7, 0xcd, 0xc7, 0x8f, 0x23, 0x34, 0x11, 0x17, 0x6c,
    0x83, 0x14, 0x21, 0x22, 0x12, 0x2f, 0x43, 0x23, 0x3f, 0xfb, 0x34, 0x38, 0xf3, 0x22, 0x22, 0x23,
    0x2f, 0x2a, 0x34, 0xef, 0xdd, 0x7c, 0xd8, 0x8c, 0xde, 0xec, 0xdc, 0xca, 0xce, 0x6c, 0x6c, 0xbc,
    0xcc, 0xd7, 0x48, 0xc8, 0x67, 0x87, 0x87, 0x8e, 0x55, 0x47, 0x77, 0xc7, 0x68, 0x88, 0x88, 0x85,
    0xdc, 0xb5, 0x77, 0x4c, 0x8c, 0xcb, 0x98, 0xec, 0x8d, 0xec, 0xec, 0xcc, 0x7c, 0x8c, 0xcc, 0x8e,
    0xed, 0xbb, 0x7d, 0xbc, 0xcf, 0x1f, 0xed, 0xd7, 0xdb, 0xcb, 0x68, 0x7c, 0xe7, 0x88, 0xbc, 0x68,
    0xb6, 0x8b, 0xbf, 0x1f, 0xcd, 0xdd, 0xed, 0xed, 0xcc, 0xa8, 0xd7, 0xbb, 0x32, 0x2d, 0xdd, 0xc8,
    0xdc, 0xcc, 0xd7, 0xd7, 0xdc, 0xbe, 0x22, 0x2f, 0xce, 0xfd, 0xdb, 0xc8, 0xcc, 0x8c, 0x7c, 0x87,
    0x88, 0x8d, 0xbc, 0x31, 0xff, 0xf1, 0x38, 0xff, 0xcf, 0x2f, 0xf2, 0x22, 0x23, 0xaf, 0xff, 0xf4,
    0x42, 0xa6, 0xdf, 0xf2, 0x83, 0x3f, 0x25, 0x32, 0x82, 0x33, 0x32, 0x43, 0x2b, 0x8b, 0xbd, 0xc7,
    0xbd, 0xb7, 0x67, 0x7c, 0xb8, 0x88, 0x86, 0xbe, 0xcc, 0x8c, 0x86, 0x88, 0x86, 0x87, 0x88, 0x44,
    0x66, 0xb6, 0x86, 0x88, 0x48, 0x66, 0x88, 0x88, 0xc8, 0xc8, 0x68, 0x4e, 0x68, 0xcd, 0x8c, 0xcc,
    0xbb, 0xcd, 0xcc, 0xcc, 0xe6, 0x8e, 0xc8, 0xcc, 0xdd, 0xcc, 0xbc, 0xc7, 0xb8, 0x1b, 0x7b, 0xdc,
    0xc7, 0x88, 0x88, 0xcb, 0x88, 0xc8, 0xc8, 0x8c, 0x8a, 0x6e, 0xdf, 0x1c, 0xce, 0xd7, 0xcd, 0xdd,
    0xcb, 0xac, 0xc7, 0xbc, 0x62, 0x18, 0xbb, 0xdc, 0xca, 0xcd, 0x6c, 0x7d, 0xcd, 0xdf, 0xb2, 0x3f,
    0xbf, 0x22, 0xed, 0xcc, 0xce, 0xc8, 0x6c, 0x66, 0x87, 0x87, 0xc7, 0x7d, 0x3f, 0xb3, 0x1d, 0xcd,
    0xbf, 0xdf, 0x43, 0x23, 0x33, 0x49, 0xef, 0xff, 0xec, 0xdc, 0xef, 0xdc, 0x58, 0xc8, 0x8f, 0xbd,
    0xdb, 0xdd, 0xff, 0xbd, 0xb8, 0xac, 0xbc, 0xed, 0x7c, 0xcc, 0x77, 0x86, 0x68, 0x68, 0xbb, 0x6c,
    0x8c, 0x6e, 0x6c, 0x66, 0x88, 0x86, 0x67, 0x88, 0x67, 0x64, 0xcd, 0xe8, 0x78, 0x66, 0x88, 0x88,
    0xbc, 0x68, 0x66, 0x88, 0xee, 0xec, 0xe8, 0xc7, 0xcc, 0xcc, 0xcc, 0xcc, 0xcc, 0xbe, 0xcc, 0x6d,
    0xd7, 0x8b, 0x7d, 0xcc, 0xdd, 0xd1, 0xfd, 0xd8, 0x8d, 0x67, 0x68, 0x76, 0x68, 0x88, 0x4c, 0x8c,
    0x87, 0x77, 0xf1, 0x14, 0xcd, 0xdb, 0xc7, 0xcd, 0xdd, 0xc8, 0x7c, 0xb7, 0xc2, 0x1f, 0xbd, 0xcc,
    0xbe, 0xcc, 0xc7, 0xdd, 0xad, 0xde, 0xb3, 0x2f, 0xd4, 0xf2, 0x23, 0xbc, 0xd6, 0x8a, 0x8c, 0xc7,
    0x7b, 0x76, 0x7c, 0xcc, 0x66, 0x8d, 0xbd, 0xdd, 0xdd, 0xf7, 0x8f, 0xf2, 0xa3, 0x2f, 0xdf, 0xed,
    0xfd, 0xdd, 0xcd, 0xec, 0xbf, 0xdc, 0xcc, 0xde, 0xcd, 0xce, 0xcc, 0xcc, 0xcd, 0xcc, 0x7c, 0xce,
    0xbc, 0xcc, 0xb6, 0xcc, 0x88, 0x88, 0xc8, 0x88, 0x88, 0x8b, 0xab, 0x87, 0x86, 0x76, 0x84, 0x75,
    0x46, 0x74, 0x88, 0x88, 0xc6, 0x66, 0x48, 0x86, 0xe8, 0x8b, 0x86, 0x68, 0xcc, 0xac, 0xcb, 0xdc,
    0xcd, 0xdc, 0xcd, 0xbc, 0xc7, 0xc7, 0x88, 0xca, 0xed, 0xd8, 0xdb, 0xed, 0xdc, 0xc2, 0x1b, 0xcc,
    0xdc, 0xd7, 0xc8, 0xc8, 0xc8, 0xd6, 0x67, 0x8c, 0xb8, 0x76, 0x21, 0x18, 0xe8, 0xad, 0xdd, 0xdf,
    0xcc, 0xec, 0xc7, 0x7d, 0xb3, 0x21, 0xd6, 0xcd, 0xcd, 0x7c, 0xed, 0x8d, 0xc7, 0x8b, 0x66, 0x2a,
    0x68, 0xdf, 0x22, 0x2f, 0xdd, 0xdb, 0x78, 0xc7, 0xc7, 0xe6, 0x97, 0x87, 0xc6, 0xed, 0xeb, 0xce,
    0xdb, 0xbd, 0x7d, 0x29, 0x22, 0x22, 0x3e, 0xca, 0xcf, 0xce, 0xcc, 0xce, 0xcd, 0xcd, 0xcd, 0xbd,
    0xbe, 0xeb, 0xee, 0xec, 0xed, 0xcc, 0xce, 0xde, 0xed, 0xc6, 0xcc, 0xb7, 0xcc, 0x86, 0x68, 0xb8,
    0xc8, 0x6d, 0xeb, 0x66, 0x88, 0x46, 0xc6, 0x66, 0x86, 0x87, 0x87, 0x88, 0x87, 0xb8, 0x48, 0x68,
    0x66, 0x88, 0x7b, 0xe7, 0x8e, 0xad, 0xcc, 0xcc, 0xee, 0xbd, 0xee, 0xce, 0xcc, 0xb8, 0x8c, 0x78,
    0x88, 0x8d, 0xbd, 0xcd, 0xce, 0xef, 0x13, 0xdd, 0x7d, 0x88, 0xd8, 0xec, 0xc8, 0x77, 0xc4, 0xbd,
    0xb8, 0x64, 0x11, 0x3f, 0xd8, 0xcc, 0xbb, 0xff, 0xdd, 0xcd, 0x78, 0xce, 0xf3, 0x21, 0x8b, 0xcc,
    0xbc, 0xbd, 0xec, 0xb7, 0x7b, 0xc7, 0xbb, 0x23, 0xbd, 0xff, 0xfb, 0x22, 0xfd, 0xcd, 0xd8, 0xb8,
    0x7c, 0xc7, 0xcc, 0x8c, 0x6c, 0xdd, 0xce, 0xdf, 0xed, 0xcc, 0xc8, 0x3f, 0xf2, 0x1f, 0x24, 0x3f,
    0xff, 0xcd, 0xcc, 0xc7, 0xce, 0xeb, 0xcd, 0xec, 0xed, 0xdd, 0xdb, 0xcb, 0xec, 0xcd, 0xeb, 0xcd,
    0xc8, 0x8b, 0xc8, 0xc8, 0x8c, 0xc6, 0xc8, 0x87, 0xcc, 0xd8, 0x8c, 0x88, 0x78, 0x86, 0x68, 0x76,
    0x64, 0xc8, 0x74, 0xe7, 0x78, 0x86, 0x66, 0x48, 0x86, 0x68, 0x88, 0x78, 0x6c, 0x8e, 0xec, 0xcd,
    0xcc, 0xec, 0xdc, 0xcd, 0xed, 0xcd, 0xc6, 0x87, 0x8a, 0xc8, 0xde, 0xcc, 0xcc, 0xdd, 0x31, 0xfb,
    0xdd, 0xcc, 0xcd, 0xc8, 0xb8, 0x87, 0x78, 0xc6, 0x88, 0x42, 0x11, 0xfd, 0xde, 0xcc, 0xbf, 0xff,
    0xc8, 0xdc, 0xdc, 0xcc, 0xdf, 0x31, 0x4d, 0xcd, 0xcc, 0x87, 0xcd, 0xcd, 0x7b, 0xcd, 0xcc, 0xb3,
    0x3f, 0xfd, 0x43, 0x32, 0x2f, 0xbc, 0xd8, 0x87, 0x77, 0xc7, 0xee, 0xca, 0xc8, 0xed, 0xdd, 0xdd,
    0xce, 0xbc, 0xdd, 0xff, 0xc5, 0x33, 0x34, 0x2f, 0xdf, 0xfd, 0xcd, 0xcd, 0xcd, 0xdc, 0xce, 0xcc,
    0xdd, 0xdc, 0xdd, 0xd7, 0xcc, 0xbc, 0xdc, 0xbd, 0x78, 0xbc, 0x68, 0x67, 0xc6, 0xb4, 0x88, 0x78,
    0x8c, 0x48, 0x6c, 0x6d, 0x87, 0x46, 0x76, 0x56, 0x86, 0x87, 0x86, 0x67, 0x8c, 0x88, 0x78, 0x88,
    0x68, 0x8c, 0xcb, 0xee, 0xbd, 0xec, 0xcd, 0x6d, 0xcc, 0xcd, 0xdd, 0xdd, 0xdd, 0xdd, 0xce, 0xcc,
    0xb6, 0xee, 0xed, 0xcd, 0xdd, 0xdd, 0xd1, 0xfd, 0xc7, 0xdc, 0x7c, 0x7c, 0xc8, 0x76, 0xc8, 0x7a,
    0xb7, 0x71, 0x11, 0x4d, 0xdb, 0xdc, 0xf3, 0xef, 0xdd, 0x8d, 0xdd, 0xdd, 0xce, 0x31, 0xfb, 0xdb,
    0x76, 0xbc, 0xc6, 0x7e, 0x8b, 0x7e, 0xdc, 0xb3, 0x3f, 0xd8, 0x43, 0xe2, 0xff, 0xde, 0x77, 0x78,
    0xbc, 0xbd, 0xed, 0xb8, 0xce, 0xee, 0xdd, 0xdd, 0xcd, 0xdd, 0xed, 0xbc, 0xee, 0xe3, 0xaf, 0xf3,
    0x5d, 0xbd, 0xdc, 0xdb, 0xcd, 0x8e, 0xcb, 0xdc, 0xcd, 0xec, 0xec, 0xdc, 0xcc, 0xcc, 0xce, 0xce,
    0x77, 0xb8, 0x8c, 0xcb, 0xcc, 0x88, 0xc8, 0xbc, 0xc7, 0xc8, 0x8c, 0x86, 0x78, 0x56, 0xbc, 0xb6,
    0x86, 0x78, 0x68, 0x86, 0x88, 0x86, 0xc7, 0x86, 0x88, 0x8c, 0x98, 0x8c, 0x8e, 0x8c, 0x86, 0x8c,
    0xdd, 0xde, 0xcf, 0xed, 0xfd, 0xed, 0xcc, 0xcb, 0xec, 0xde, 0xae, 0xac, 0xce, 0xdd, 0x81, 0x1f,
    0xce, 0xdb, 0x86, 0xc7, 0xca, 0xd7, 0x8b, 0xbc, 0xdd, 0x31, 0x12, 0xdc, 0xde, 0xdb, 0x33, 0xdd,
    0xd1, 0xcd, 0xbd, 0xcc, 0xcd, 0xf1, 0x4f, 0xb3, 0x11, 0xdb, 0xcd, 0xb7, 0xc7, 0xcb, 0xcd, 0xb3,
    0x34, 0x88, 0xdc, 0xe3, 0x2b, 0xcd, 0xb7, 0xcb, 0xb8, 0x6d, 0xee, 0x7e, 0xed, 0xdc, 0xcd, 0xdb,
    0xdd, 0xcc, 0xee, 0x78, 0x7e, 0xdd, 0xef, 0xff, 0x2f, 0xed, 0xdc, 0xbe, 0xce, 0xee, 0xbd, 0xcd,
    0xed, 0xce, 0xbd, 0x6d, 0x8d, 0xce, 0xdc, 0xbc, 0x66, 0x8b, 0x9c, 0xbe, 0x89, 0x8c, 0x87, 0x87,
    0xab, 0x88, 0xa8, 0xa9, 0x67, 0x47, 0x88, 0x67, 0x68, 0x87, 0x47, 0x6c, 0x78, 0xb8, 0x78, 0xc6,
    0x88, 0x88, 0xca, 0x98, 0x86, 0xe8, 0xe8, 0x88, 0xed, 0xcf, 0xef, 0xcd, 0xcc, 0xfd, 0xeb, 0xbd,
    0xee, 0x8a, 0xec, 0xed, 0xdd, 0xce, 0xff, 0x13, 0xed, 0xdc, 0xc8, 0x8e, 0x68, 0x6c, 0xac, 0x67,
    0xcd, 0x11, 0x12, 0x88, 0xdd, 0xd3, 0x27, 0xed, 0xe2, 0x5c, 0xcd, 0xed, 0xdd, 0xf1, 0xff, 0x77,
    0x11, 0xe8, 0xd8, 0xcc, 0xbc, 0xde, 0xcc, 0xb3, 0x24, 0x8e, 0xdd, 0xfd, 0x23, 0xbd, 0xe7, 0xcd,
    0xdc, 0x7b, 0xde, 0xca, 0xe8, 0xae, 0xae, 0xed, 0xcb, 0xed, 0x7a, 0xd8, 0xad, 0xef, 0xee, 0xde,
    0xfd, 0xcd, 0xdd, 0xc8, 0xbc, 0xcc, 0xe6, 0xce, 0xce, 0xee, 0x8c, 0xcb, 0xbc, 0xcc, 0xdb, 0xcb,
    0xce, 0x88, 0xc8, 0x88, 0x74, 0xe8, 0x88, 0xed, 0x88, 0x88, 0xc4, 0x76, 0x66, 0x76, 0x76, 0x5c,
    0x66, 0x68, 0x88, 0x8b, 0xc6, 0x88, 0x86, 0x87, 0x6d, 0xe8, 0xc8, 0xdc, 0xd8, 0xa8, 0x7c, 0xcc,
    0xcc, 0xec, 0xdd, 0xcd, 0xde, 0xcc, 0xce, 0xce, 0xd6, 0xa7, 0xde, 0xdd, 0xe8, 0x78, 0x64, 0x13,
    0xfd, 0xd7, 0xbc, 0x8c, 0x8c, 0x8d, 0xbc, 0xdb, 0xbb, 0x11, 0x14, 0xbd, 0xfd, 0xf3, 0x2f, 0xed,
    0xcd, 0x2f, 0xfb, 0xdd, 0xdd, 0x61, 0x18, 0xcb, 0xdd, 0xcb, 0xe8, 0xc8, 0x8c, 0x8c, 0xed, 0xcb,
    0xab, 0xee, 0xde, 0xdd, 0x23, 0x3c, 0xeb, 0xc7, 0xdd, 0x88, 0xd7, 0xdb, 0x8b, 0xec, 0xde, 0xce,
    0xbd, 0xcd, 0xdc, 0xd8, 0xee, 0xdd, 0xee, 0xde, 0xfd, 0xdd, 0xcd, 0xc6, 0xcd, 0xce, 0xc6, 0xec,
    0xcc, 0xee, 0x8c, 0x7e, 0xed, 0xbd, 0xcb, 0xb7, 0xc8, 0x8b, 0xc6, 0xcc, 0xcc, 0x8c, 0xcc, 0x6d,
    0x8c, 0x6e, 0x6b, 0x6c, 0x67, 0x85, 0x67, 0x86, 0x67, 0x66, 0x87, 0x88, 0x6c, 0xec, 0x87, 0x78,
    0x88, 0xdb, 0x8b, 0x88, 0x87, 0x86, 0x6c, 0xcd, 0xed, 0xcd, 0xdd, 0xed, 0xdc, 0xce, 0xcd, 0xbd,
    0xdd, 0x8d, 0xcd, 0xcc, 0x8c, 0x87, 0xcf, 0x21, 0x3f, 0xdd, 0xec, 0x8c, 0xcc, 0xcc, 0x7d, 0xbd,
    0xe3, 0x11, 0x1d, 0xfe, 0xef, 0x32, 0x3e, 0xdd, 0xce, 0xc1, 0x3d, 0xdd, 0xfd, 0x31, 0x14, 0x6b,
    0xb8, 0xd8, 0xd8, 0xdc, 0xbc, 0xce, 0xde, 0xfb, 0xdc, 0xed, 0xde, 0x8c, 0x8a, 0x33, 0xdd, 0xda,
    0xbc, 0x6c, 0xbb, 0x86, 0xcc, 0xce, 0xc7, 0x68, 0xdc, 0xdd, 0xc8, 0xed, 0xed, 0xee, 0xdd, 0xdc,
    0xce, 0xdc, 0xcc, 0xcc, 0xc8, 0xcc, 0xc7, 0xec, 0xcc, 0xcc, 0xc6, 0xbc, 0x8c, 0xc8, 0xcb, 0xcc,
    0xb9, 0x88, 0x88, 0x64, 0xc8, 0xc6, 0xc8, 0x8c, 0x8c, 0x69, 0x86, 0xcc, 0x77, 0x76, 0x86, 0x55,
    0x66, 0x68, 0x78, 0x66, 0x88, 0xac, 0x8b, 0x66, 0x88, 0x86, 0x86, 0xcc, 0xc7, 0xc7, 0xb7, 0x8e,
    0x8c, 0xcd, 0xec, 0xce, 0x7c, 0xdb, 0xcc, 0xcd, 0xcc, 0xbe, 0xcb, 0xc6, 0xdc, 0x7d, 0xee, 0x41,
    0x14, 0xdb, 0xdc, 0xcc, 0xc8, 0xdc, 0xcb, 0xca, 0xf2, 0x12, 0x3d, 0xdf, 0xd7, 0x33, 0x4c, 0xee,
    0xcc, 0xd3, 0x1f, 0xf8, 0x7b, 0x61, 0x16, 0xcc, 0xbc, 0xce, 0x8d, 0xcd, 0x88, 0xcc, 0xbc, 0xb8,
    0xdc, 0xed, 0x8c, 0x8e, 0xcb, 0xde, 0xdd, 0xc7, 0xdc, 0x8d, 0xcb, 0x86, 0x7d, 0xec, 0x8d, 0x8c,
    0x6c, 0x7d, 0xcd, 0xce, 0x9c, 0xbc, 0xed, 0xed, 0xed, 0xce, 0xcc, 0xcc, 0x88, 0x64, 0x88, 0x8e,
    0x8c, 0x48, 0xcc, 0x8b, 0xcc, 0x87, 0xec, 0x8c, 0x6c, 0xc6, 0x88, 0x88, 0x8c, 0xcc, 0x88, 0x68,
    0x6c, 0x88, 0x68, 0x87, 0x88, 0x86, 0x68, 0x46, 0x46, 0x86, 0x85, 0x68, 0x88, 0x88, 0x88, 0x88,
    0xe8, 0x86, 0x64, 0x86, 0x68, 0x6c, 0x87, 0xe8, 0xcc, 0xed, 0xcf, 0xee, 0x7e, 0xdd, 0xb7, 0xc8,
    0xdd, 0xdc, 0xbf, 0xb8, 0x87, 0xcc, 0xcc, 0xf1, 0x11, 0xfd, 0xdc, 0xcc, 0xdd, 0x88, 0xdb, 0xee,
    0xd1, 0x12, 0x3f, 0xde, 0xd2, 0x23, 0xfe, 0xdf, 0xce, 0xb6, 0x11, 0xf6, 0xcb, 0x32, 0x1f, 0x7b,
    0xbd, 0xdc, 0xbc, 0x7e, 0x86, 0x8c, 0xb1, 0xfb, 0x78, 0xcc, 0xcc, 0xcd, 0xed, 0xda, 0xde, 0xec,
    0xb8, 0xcd, 0xb8, 0x8c, 0xcc, 0xec, 0x8c, 0xcb, 0x87, 0xc7, 0x8c, 0xdd, 0xc7, 0xdc, 0xce, 0xdc,
    0xbc, 0xbe, 0xcc, 0xdc, 0xbc, 0x86, 0xc6, 0x86, 0xe8, 0xcc, 0xcc, 0x86, 0xbc, 0xa6, 0xbc, 0xc6,
    0x7c, 0x68, 0xb8, 0x6c, 0xcc, 0xc8, 0x88, 0x87, 0xc6, 0x88, 0x78, 0xcb, 0x88, 0x86, 0x68, 0x68,
    0x56, 0x66, 0x66, 0x88, 0x78, 0xc8, 0x86, 0x88, 0xdd, 0x8c, 0x88, 0x66, 0x78, 0x9b, 0x8c, 0x8e,
    0xcc, 0xec, 0xce, 0xde, 0xbb, 0xd6, 0xa7, 0x76, 0x31, 0x11, 0x11, 0x6d, 0xb8, 0xc6, 0xcb, 0x42,
    0x11, 0x9d, 0xdd, 0xee, 0x77, 0xdb, 0xdd, 0x7e, 0x91, 0x13, 0xaf, 0xd8, 0x42, 0x23, 0xde, 0xdd,
    0xed, 0xed, 0xf1, 0x18, 0xff, 0xf3, 0x1c, 0xdb, 0xbd, 0xcd, 0xcb, 0xc7, 0x8b, 0x8b, 0x1f, 0xcc,
    0xdc, 0x8c, 0x87, 0xeb, 0xc8, 0xc7, 0xec, 0xcd, 0xdd, 0xec, 0x77, 0x8b, 0xdb, 0x8b, 0x88, 0x8d,
    0x8c, 0xbb, 0xdc, 0xb8, 0x6c, 0x8c, 0x8e, 0x9e, 0x87, 0xde, 0x6b, 0x6d, 0x6d, 0xc8, 0x8c, 0x87,
    0x7c, 0xd8, 0x66, 0xec, 0xde, 0xcc, 0x8c, 0x6c, 0xe8, 0x86, 0x88, 0x88, 0xcc, 0x89, 0x86, 0x77,
    0x86, 0x86, 0x56, 0x68, 0x6c, 0x66, 0x65, 0x66, 0x56, 0x66, 0x46, 0x88, 0x88, 0x68, 0x88, 0x68,
    0x8e, 0xb8, 0x67, 0x8e, 0xdd, 0x6d, 0xe7, 0x8e, 0xcc, 0xed, 0x8d, 0xee, 0xbb, 0x4b, 0x11, 0x13,
    0x21, 0x11, 0x13, 0x11, 0xf6, 0x6c, 0xae, 0xd7, 0x31, 0xbe, 0x7d, 0x7d, 0xbc, 0xbf, 0x1d, 0xfd,
    0xf1, 0x13, 0xff, 0xde, 0x42, 0x3d, 0xde, 0xde, 0xce, 0xcd, 0xe1, 0x12, 0xff, 0xb3, 0x13, 0xeb,
    0xdc, 0xde, 0xce, 0xcc, 0xbe, 0x66, 0x1f, 0xdd, 0xc8, 0xd8, 0xcb, 0xc8, 0xea, 0xc8, 0xdc, 0xec,
    0x6d, 0xdc, 0x88, 0x78, 0x6c, 0xac, 0x78, 0xc8, 0xcb, 0x86, 0xcb, 0x6b, 0x87, 0x77, 0x78, 0x78,
    0x76, 0x66, 0x6b, 0x68, 0x68, 0xc8, 0x68, 0xd8, 0xc8, 0xd8, 0xae, 0xec, 0x8c, 0x6c, 0x6c, 0xce,
    0x68, 0x88, 0x8c, 0x6c, 0x88, 0x88, 0x86, 0x76, 0x86, 0x86, 0x6b, 0x88, 0x78, 0x78, 0x66, 0x66,
    0x86, 0x66, 0x86, 0x86, 0x86, 0x86, 0x8c, 0xcc, 0xe8, 0xd7, 0xd8, 0xcb, 0xc7, 0xce, 0x88, 0xce,
    0xcc, 0x8c, 0xdd, 0xdd, 0x49, 0x31, 0x11, 0x12, 0x31, 0x11, 0x22, 0x12, 0x14, 0xb6, 0x8d, 0xdb,
    0x71, 0x1d, 0xec, 0x86, 0xcd, 0x8f, 0x1f, 0xff, 0x11, 0x1e, 0xee, 0xef, 0x22, 0x3e, 0xdd, 0xdf,
    0xef, 0xdd, 0xdf, 0x11, 0x48, 0xcf, 0x11, 0xfd, 0xbc, 0xcd, 0xc7, 0xc8, 0xdb, 0x31, 0x5d, 0xdd,
    0xc8, 0xdc, 0x88, 0x87, 0xc7, 0xcc, 0x8c, 0xad, 0xcd, 0x66, 0x67, 0x8d, 0x67, 0xc6, 0x7b, 0x6d,
    0x66, 0x78, 0x7b, 0x7c, 0x7c, 0xc7, 0x66, 0xc6, 0x66, 0x67, 0x67, 0x86, 0x68, 0x68, 0x88, 0xc7,
    0xc8, 0x8e, 0x76, 0x8e, 0xec, 0xee, 0xcc, 0xcc, 0xc7, 0xe8, 0x88, 0x87, 0x88, 0x68, 0x68, 0x78,
    0x88, 0x48, 0x66, 0xb8, 0x66, 0xc6, 0x66, 0x66, 0x86, 0x66, 0xc6, 0x68, 0x68, 0xc8, 0xcc, 0x8b,
    0xce, 0x68, 0xdd, 0xdd, 0xce, 0xde, 0xca, 0xcc, 0x88, 0xcc, 0xdb, 0x82, 0x11, 0x23, 0x11, 0x11,
    0x22, 0x11, 0x32, 0x22, 0x21, 0x8d, 0xdd, 0xdf, 0x51, 0x14, 0x84, 0x1c, 0x87, 0xcf, 0xff, 0xf6,
    0x11, 0x1e, 0x8b, 0xcd, 0x23, 0x3d, 0xde, 0xdf, 0xde, 0xfc, 0xcf, 0x11, 0x2f, 0xb4, 0x11, 0xfd,
    0xb6, 0xdc, 0xec, 0xed, 0xdf, 0x11, 0x6c, 0xdd, 0xcc, 0x88, 0x6c, 0xc7, 0x8a, 0xab, 0x88, 0xcc,
    0xcc, 0x88, 0x68, 0x77, 0x68, 0xac, 0xb8, 0x8e, 0x98, 0x88, 0x68, 0x68, 0x78, 0x68, 0x68, 0x76,
    0x65, 0x6c, 0x58, 0x68, 0x76, 0x8c, 0xee, 0x98, 0xcc, 0xec, 0x9e, 0xbc, 0xc8, 0xd8, 0x8c, 0x88,
    0xa8, 0x68, 0x64, 0x8c, 0x88, 0x46, 0x66, 0x78, 0x64, 0x85, 0xbd, 0x55, 0x66, 0x68, 0x66, 0x74,
    0x78, 0x6c, 0x76, 0xa7, 0x84, 0xc6, 0x68, 0x8c, 0xce, 0xce, 0xdb, 0xdc, 0xd8, 0xce, 0xc8, 0x88,
    0xab, 0xdc, 0xd8, 0x11, 0x22, 0x11, 0x32, 0x11, 0x23, 0x12, 0x13, 0x32, 0x22, 0x2c, 0xde, 0xdd,
    0x43, 0x11, 0x8d, 0x3f, 0xff, 0xff, 0x3d, 0xb7, 0x11, 0x19, 0xff, 0xfd, 0x23, 0xdf, 0x3f, 0xfd,
    0xed, 0x7f, 0xff, 0x21, 0x2f, 0xfd, 0x21, 0xfd, 0x64, 0xcd, 0xcd, 0xdd, 0xcf, 0x11, 0xd7, 0xcc,
    0x7c, 0x6e, 0xc8, 0xcc, 0x8e, 0x6e, 0x6c, 0xdc, 0xee, 0xcd, 0xd7, 0xd7, 0x88, 0xcb, 0xcb, 0x78,
    0xac, 0x68, 0xcc, 0x7b, 0xc7, 0x86, 0x6b, 0x48, 0x58, 0x65, 0xc7, 0x87, 0x65, 0x6c, 0xdc, 0x6a,
    0xcd, 0xed, 0x8b, 0xca, 0xcb, 0x8e, 0xe8, 0xe8, 0x96, 0x98, 0x88, 0xe8, 0x68, 0x46, 0x86, 0x66,
    0x56, 0x6c, 0x78, 0x68, 0x57, 0x66, 0x86, 0x64, 0x86, 0x86, 0xc7, 0xdc, 0x7a, 0xe9, 0x68, 0x4e,
    0xce, 0xcd, 0xcb, 0x67, 0x8d, 0x8b, 0xca, 0xcc, 0xde, 0xcd, 0xc6, 0x11, 0x22, 0x22, 0x32, 0x22,
    0x13, 0x23, 0x22, 0x22, 0x21, 0xfb, 0xda, 0x7d, 0x64, 0x11, 0xff, 0x33, 0xf7, 0x7f, 0x38, 0x73,
    0x11, 0x2d, 0xdf, 0xfd, 0x23, 0x57, 0x36, 0xd3, 0xff, 0x2f, 0xc6, 0x41, 0x1b, 0xff, 0x31, 0xff,
    0xf2, 0x7d, 0xfc, 0xeb, 0xf3, 0x1f, 0xca, 0xe7, 0x8c, 0xe7, 0xec, 0xdc, 0xce, 0xde, 0x6c, 0xed,
    0xd6, 0xa8, 0x7b, 0x78, 0x7d, 0x78, 0xd6, 0xc6, 0x47, 0x87, 0x6c, 0x66, 0x86, 0x86, 0x65, 0x58,
    0x76, 0x76, 0x77, 0x66, 0x66, 0x88, 0xcc, 0xd8, 0x8e, 0xc8, 0xec, 0xa8, 0xcc, 0xce, 0x89, 0x8e,
    0x66, 0x66, 0x66, 0x68, 0x66, 0x86, 0x88, 0x86, 0x46, 0x66, 0x66, 0x68, 0x86, 0x68, 0x78, 0x76,
    0x68, 0x88, 0x7b, 0xdb, 0x87, 0x68, 0x88, 0x88, 0xee, 0xcc, 0x76, 0x78, 0xd6, 0xcc, 0x7c, 0x78,
    0x7d, 0xcb, 0xcc, 0xd2, 0x11, 0x11, 0x13, 0x33, 0x13, 0x2b, 0x22, 0x22, 0x1f, 0xe7, 0xb6, 0x77,
    0x6f, 0x11, 0x48, 0xf2, 0x3b, 0xdd, 0x3e, 0xd2, 0x11, 0x2b, 0xff, 0xff, 0x24, 0x32, 0xff, 0x32,
    0xfe, 0x39, 0x4d, 0xf1, 0x12, 0xff, 0x21, 0xf4, 0xe2, 0xff, 0xfe, 0x84, 0x31, 0x1f, 0xde, 0xcd,
    0xcd, 0xdd, 0xe7, 0xde, 0xed, 0x7d, 0xce, 0xec, 0xc7, 0x88, 0x8c, 0x77, 0x2f, 0x67, 0x68, 0xcc,
    0x88, 0xb8, 0x66, 0x66, 0x56, 0x46, 0x64, 0x67, 0x46, 0x86, 0x68, 0x67, 0x66, 0x87, 0x7e, 0xec,
    0x88, 0x8c, 0xed, 0x66, 0xcd, 0x98, 0x88, 0x6c, 0xc7, 0x68, 0x88, 0x98, 0x68, 0x68, 0x66, 0x86,
    0x68, 0x68, 0x66, 0x66, 0x66, 0x87, 0x67, 0x48, 0x66, 0xc6, 0xc6, 0xbb, 0x68, 0x6d, 0x6c, 0xcc,
    0x88, 0xcb, 0x66, 0x87, 0xc8, 0x87, 0x68, 0x67, 0xcd, 0x7c, 0xdd, 0xff, 0xf2, 0x12, 0x22, 0x22,
    0xf2, 0xf1, 0x21, 0x13, 0x7c, 0xdd, 0x8c, 0x8c, 0xcf, 0x11, 0xf7, 0x41, 0xff, 0xdd, 0x3f, 0xf1,
    0x11, 0x2c, 0xdf, 0xf8, 0x3f, 0x33, 0xff, 0x13, 0xed, 0xc3, 0xff, 0xf2, 0x11, 0x26, 0x31, 0x1a,
    0xf2, 0xff, 0x2f, 0x7d, 0x61, 0x2f, 0xca, 0xba, 0xbd, 0xdc, 0xed, 0xd7, 0xce, 0xdd, 0xed, 0xdd,
    0xc7, 0x6e, 0x78, 0x7f, 0x1f, 0xb6, 0xbc, 0xc7, 0xbc, 0x87, 0xb6, 0x66, 0x48, 0x65, 0x66, 0x58,
    0x65, 0x86, 0x86, 0x66, 0x86, 0xd8, 0x8a, 0x8e, 0xbc, 0xcd, 0xb7, 0xbe, 0xec, 0xe8, 0x8c, 0x88,
    0xc8, 0x66, 0xb8, 0x68, 0x66, 0xe8, 0x66, 0x46, 0x66, 0x65, 0x45, 0x56, 0x64, 0x68, 0x76, 0x88,
    0x65, 0x66, 0x68, 0xc6, 0x8c, 0xc7, 0xec, 0x8c, 0xe6, 0x88, 0xb6, 0xb6, 0xdc, 0x6d, 0xbc, 0xb6,
    0xb6, 0x7d, 0xeb, 0xdc, 0xdf, 0xb1, 0x11, 0x22, 0x11, 0x12, 0x12, 0x5f, 0xdc, 0xe7, 0xdc, 0x8c,
    0xbf, 0x21, 0x18, 0xdd, 0x1f, 0x74, 0x2f, 0xf1, 0x12, 0x3e, 0x87, 0xf2, 0x2f, 0x44, 0x31, 0x4d,
    0xe8, 0x96, 0x3f, 0xf3, 0x11, 0x18, 0x31, 0x1f, 0xf2, 0x43, 0x2d, 0xff, 0x31, 0x38, 0xd7, 0x8c,
    0x68, 0xbd, 0xdc, 0xbc, 0xdd, 0xdd, 0xde, 0xcd, 0xc8, 0x68, 0x88, 0x77, 0x55, 0x6b, 0x7c, 0xbb,
    0x8c, 0x88, 0x67, 0x54, 0x56, 0x67, 0x86, 0x66, 0xc7, 0x67, 0x46, 0x8c, 0x66, 0xbc, 0x66, 0x98,
    0xbc, 0xbb, 0xdc, 0xca, 0x8c, 0xec, 0x9e, 0x88, 0xc6, 0x6c, 0x8c, 0x67, 0xcc, 0xc6, 0xe8, 0x68,
    0x86, 0x68, 0x66, 0xb5, 0x86, 0x76, 0x67, 0x67, 0x66, 0x45, 0x67, 0x68, 0x6d, 0x68, 0x6e, 0x68,
    0x88, 0x48, 0x88, 0x96, 0x6b, 0xcb, 0x85, 0x8b, 0x8b, 0xcc, 0xdc, 0xbc, 0xbd, 0xdc, 0xd2, 0x11,
    0x11, 0x33, 0xdd, 0xcb, 0xce, 0x77, 0xe7, 0xce, 0xe7, 0x21, 0x1f, 0x78, 0x1f, 0xd4, 0x23, 0x41,
    0x12, 0xd3, 0x4c, 0x42, 0xff, 0x3f, 0x31, 0xdf, 0xdd, 0xcf, 0x2e, 0x43, 0x21, 0x14, 0xf1, 0x16,
    0xf2, 0x31, 0xff, 0xff, 0x11, 0x4b, 0xfb, 0x86, 0x57, 0xbb, 0xdb, 0xbf, 0xfa, 0xa7, 0xee, 0xce,
    0xde, 0xc8, 0xb8, 0xb7, 0x78, 0x88, 0xcc, 0xd7, 0xc8, 0x86, 0xc6, 0xc8, 0x88, 0x56, 0x66, 0x74,
    0x66, 0xb6, 0xc6, 0x66, 0x68, 0x66, 0x76, 0x7c, 0x8c, 0xcd, 0x6e, 0xdd, 0xd8, 0xce, 0x89, 0x89,
    0xc9, 0x88, 0x86, 0x68, 0x86, 0xe8, 0x86, 0x88, 0x68, 0x66, 0x66, 0x54, 0x86, 0x65, 0x86, 0x76,
    0xc4, 0x55, 0x65, 0x86, 0xd7, 0xc8, 0xe8, 0xb8, 0x88, 0xe8, 0xb5, 0x6c, 0x8c, 0x7b, 0x86, 0x6c,
    0xdc, 0xc6, 0xbd, 0xdd, 0xbd, 0x8d, 0xd8, 0x8d, 0xdf, 0x58, 0x8b, 0xdd, 0xc8, 0xd8, 0x78, 0x78,
    0xc8, 0x32, 0x14, 0xff, 0x1f, 0xff, 0x32, 0xb1, 0x12, 0xf7, 0x38, 0x42, 0xf3, 0xf2, 0x12, 0x34,
    0x2f, 0xff, 0x23, 0x4f, 0x32, 0x21, 0xf1, 0x13, 0xe2, 0x82, 0xff, 0x63, 0x11, 0xf6, 0x43, 0xf3,
    0x11, 0x11, 0x21, 0x11, 0x3d, 0xdd, 0xdb, 0xde, 0xdc, 0xca, 0xb6, 0x88, 0x6b, 0xcc, 0x76, 0x6c,
    0x67, 0x8c, 0x87, 0x66, 0x87, 0x75, 0x4c, 0x86, 0x68, 0x66, 0x87, 0x66, 0x46, 0x88, 0x8c, 0x7d,
    0xbc, 0xce, 0xee, 0xbd, 0xcc, 0x98, 0xec, 0x98, 0x88, 0x88, 0xc8, 0x77, 0x88, 0xce, 0x86, 0x68,
    0x88, 0x88, 0xc7, 0xc8, 0x64, 0x66, 0x67, 0x47, 0x66, 0x66, 0x66, 0x68, 0x8c, 0xc8, 0x8b, 0x88,
    0x8d, 0x8c, 0x66, 0xc7, 0x67, 0x86, 0x8b, 0x87, 0x77, 0xcc, 0xbb, 0xbc, 0xcd, 0xdc, 0xbc, 0xbd,
    0xc4, 0x2f, 0xfd, 0xbe, 0x77, 0xda, 0x87, 0xed, 0xed, 0xf3, 0x1d, 0xfd, 0x11, 0x5f, 0x32, 0xe1,
    0x13, 0x3d, 0xff, 0x32, 0xf3, 0x31, 0x1b, 0x23, 0xf1, 0xf6, 0x32, 0x4d, 0xf3, 0x21, 0x41, 0x14,
    0xf2, 0xff, 0x44, 0x31, 0x12, 0xff, 0xd1, 0x11, 0x22, 0x11, 0x21, 0x11, 0x11, 0x21, 0xfd, 0xdd,
    0xdc, 0xdb, 0x7b, 0x88, 0xc8, 0xb6, 0xc5, 0xc5, 0x8c, 0x88, 0x78, 0xb6, 0x66, 0x66, 0x66, 0x86,
    0x56, 0x76, 0x88, 0xb4, 0x68, 0x66, 0x88, 0xcd, 0x76, 0xed, 0xee, 0xcc, 0x88, 0xcc, 0x8c, 0x66,
    0x68, 0x88, 0x86, 0x67, 0xe8, 0xc8, 0xd8, 0x88, 0x86, 0x8b, 0xc8, 0x68, 0x84, 0x68, 0x68, 0x68,
    0x64, 0x66, 0x66, 0x66, 0x78, 0x8c, 0xd7, 0x8c, 0xc8, 0x86, 0xc7, 0x6c, 0x68, 0x88, 0x7c, 0x76,
    0x66, 0x68, 0x7c, 0xcc, 0xc6, 0xcb, 0xdc, 0xdc, 0xdc, 0x23, 0xfb, 0xb8, 0xc8, 0xc7, 0xdc, 0xad,
    0xdf, 0x6f, 0x13, 0xd6, 0x31, 0x3f, 0xf2, 0x31, 0x1e, 0x4f, 0xf3, 0xf3, 0x43, 0x11, 0x33, 0x37,
    0xff, 0x14, 0x42, 0x35, 0x33, 0x21, 0x22, 0x1f, 0x3d, 0x3f, 0x34, 0x21, 0x1c, 0x43, 0x11, 0x22,
    0x12, 0x32, 0x11, 0x12, 0x13, 0x21, 0x11, 0xfd, 0xb8, 0x87, 0x6b, 0x88, 0xcd, 0xcc, 0x6c, 0xc8,
    0x66, 0x67, 0x67, 0x66, 0x66, 0x55, 0x66, 0x66, 0x66, 0x66, 0x67, 0x66, 0x67, 0x6c, 0x8e, 0x78,
    0x65, 0xce, 0xde, 0xec, 0xec, 0x68, 0x87, 0x86, 0x98, 0x88, 0x8c, 0x86, 0xee, 0xcc, 0x94, 0x87,
    0xcc, 0xcc, 0x87, 0x77, 0x48, 0x66, 0x66, 0x68, 0x86, 0x66, 0x67, 0x77, 0x68, 0x67, 0xcc, 0xcc,
    0x6c, 0x7c, 0x8c, 0xc8, 0x67, 0x87, 0x7c, 0x6b, 0x77, 0x77, 0xcc, 0xcb, 0xb8, 0xed, 0xbe, 0xdc,
    0xcd, 0xf2, 0xfb, 0xca, 0xcb, 0x8c, 0xcc, 0xc7, 0x8d, 0xff, 0x13, 0xdb, 0x61, 0x14, 0x22, 0x11,
    0x2f, 0xef, 0xf3, 0xf3, 0xf1, 0x11, 0x62, 0xf2, 0xc3, 0x41, 0xf2, 0x27, 0x23, 0x21, 0x23, 0x17,
    0x44, 0x14, 0x2f, 0x31, 0x14, 0x84, 0x51, 0x22, 0x23, 0x23, 0x12, 0x11, 0x32, 0x21, 0x11, 0x12,
    0x3d, 0xcc, 0x87, 0xbc, 0xde, 0xbc, 0xc6, 0x86, 0xb6, 0x6c, 0xb6, 0x78, 0x66, 0x66, 0x66, 0x66,
    0x67, 0x56, 0x76, 0x66, 0x66, 0x88, 0xc6, 0xeb, 0x78, 0xbc, 0xec, 0xdc, 0xcc, 0xdc, 0x88, 0x86,
    0x88, 0x88, 0xc8, 0x8b, 0xd6, 0x8b, 0xc8, 0x68, 0x8e, 0xb8, 0x66, 0x84, 0x56, 0x65, 0x66, 0x66,
    0x86, 0x66, 0x68, 0x78, 0x86, 0x66, 0x86, 0xbc, 0xc6, 0x8c, 0x87, 0x76, 0x8b, 0xc6, 0x78, 0x77,
    0x77, 0x78, 0xcc, 0xcc, 0xc6, 0xbc, 0x7e, 0xcb, 0x6d, 0xd1, 0xf7, 0xcb, 0xdb, 0x7b, 0x6b, 0x7d,
    0xd7, 0x6f, 0x23, 0xd7, 0x31, 0x1e, 0x24, 0x11, 0x3f, 0xff, 0xa3, 0xf3, 0xf1, 0x12, 0x34, 0x3f,
    0x43, 0xf1, 0xf3, 0x24, 0x23, 0x21, 0x13, 0x13, 0x5e, 0x14, 0x3f, 0x21, 0x1f, 0xdc, 0xd3, 0x12,
    0x22, 0x13, 0x22, 0x21, 0x31, 0x11, 0x12, 0x21, 0x13, 0xf6, 0x68, 0x7c, 0x87, 0xcc, 0xc8, 0x88,
    0x66, 0x87, 0x66, 0x68, 0x68, 0x66, 0x64, 0x66, 0x67, 0x65, 0x66, 0x88, 0x66, 0x88, 0x68, 0x86,
    0x8c, 0x8c, 0xec, 0xcd, 0xe6, 0x87, 0x87, 0x87, 0xc8, 0x88, 0x87, 0xe8, 0xec, 0xcc, 0x88, 0x68,
    0x8c, 0x8b, 0x66, 0x68, 0x68, 0x84, 0x57, 0x58, 0x47, 0x68, 0x68, 0x87, 0x68, 0x87, 0x8c, 0x7c,
    0xbc, 0x68, 0x8c, 0x8b, 0x6c, 0x88, 0x88, 0x88, 0x78, 0x7c, 0x7c, 0xc7, 0x8c, 0x88, 0x68, 0xcc,
    0x7c, 0xe1, 0xf7, 0xfd, 0x64, 0xd3, 0x32, 0x23, 0x3c, 0xbd, 0x22, 0x88, 0x71, 0x17, 0x34, 0x11,
    0x3f, 0xc8, 0x33, 0x43, 0x21, 0x22, 0x33, 0x3f, 0x32, 0xf1, 0x23, 0x24, 0x3f, 0x32, 0x15, 0x13,
    0x4e, 0x1f, 0x33, 0x11, 0x2f, 0xfc, 0xb6, 0x31, 0x11, 0x11, 0x22, 0x32, 0x21, 0x12, 0x32, 0x11,
    0x21, 0x1e, 0xbb, 0x78, 0x88, 0x8c, 0x77, 0x8b, 0xcd, 0x7c, 0x6b, 0x66, 0x68, 0x66, 0x56, 0x65,
    0xcc, 0x84, 0x66, 0x66, 0x68, 0x88, 0x86, 0xcc, 0x78, 0xdd, 0xce, 0xce, 0x68, 0x87, 0x8c, 0xe6,
    0x88, 0x64, 0x88, 0x88, 0xc6, 0x87, 0x6c, 0x86, 0x98, 0x86, 0x86, 0x68, 0xc6, 0x68, 0x76, 0x56,
    0x68, 0x68, 0x68, 0x68, 0x66, 0x86, 0x6c, 0x78, 0xd7, 0xed, 0x8b, 0xc7, 0x78, 0x8c, 0x66, 0x8c,
    0x7c, 0x78, 0x6d, 0xd6, 0xb8, 0xcd, 0xdc, 0xcd, 0xdd, 0xc1, 0x4f, 0xdb, 0xd1, 0x11, 0x21, 0x11,
    0x13, 0x36, 0x32, 0xff, 0xf2, 0x13, 0x2e, 0x11, 0x4d, 0xa4, 0x33, 0xe4, 0x11, 0x33, 0x32, 0x47,
    0xb3, 0x32, 0x11, 0x24, 0x3f, 0x32, 0x17, 0x13, 0xe3, 0x1f, 0xf1, 0x11, 0x38, 0xdd, 0xcb, 0xde,
    0xf3, 0x31, 0x12, 0x32, 0x23, 0x22, 0x12, 0x11, 0x21, 0x11, 0x2b, 0x88, 0x67, 0x76, 0xb8, 0x78,
    0x66, 0x76, 0x88, 0x65, 0x66, 0x86, 0x86, 0x66, 0x65, 0x66, 0x76, 0x66, 0x66, 0x66, 0x8c, 0x78,
    0x7c, 0x68, 0xcc, 0x8c, 0x6c, 0x87, 0x88, 0xc7, 0x86, 0x86, 0x66, 0x66, 0x88, 0x6c, 0xb6, 0x88,
    0xcc, 0x68, 0x7c, 0x66, 0x68, 0x68, 0x67, 0x66, 0x66, 0x76, 0x66, 0x68, 0x78, 0x85, 0x66, 0x68,
    0xbc, 0xb8, 0x8b, 0x7c, 0xc6, 0xcf, 0x1f, 0x76, 0x67, 0xb7, 0x66, 0x6c, 0x68, 0x64, 0x88, 0x8d,
    0xb8, 0x62, 0x23, 0x47, 0xf2, 0x11, 0x12, 0x11, 0x11, 0x23, 0x31, 0x38, 0x73, 0x11, 0x34, 0x11,
    0xfd, 0xf3, 0x3f, 0xf3, 0x11, 0xf5, 0x22, 0xd8, 0xf2, 0x33, 0x11, 0x3f, 0x33, 0x32, 0x1f, 0x23,
    0xf2, 0x13, 0xf1, 0x11, 0xcc, 0xdc, 0xcb, 0xde, 0xdb, 0xb3, 0x11, 0x21, 0x12, 0x21, 0x21, 0x11,
    0x11, 0x2f, 0x7d, 0x88, 0x86, 0xc4, 0x87, 0xb6, 0x66, 0x86, 0x78, 0x86, 0x66, 0x86, 0x66, 0x68,
    0x65, 0x7c, 0x78, 0x86, 0x76, 0x66, 0x78, 0x8c, 0xc6, 0x88, 0xac, 0xe8, 0xb8, 0x6c, 0x86, 0x6c,
    0x86, 0xac, 0xd6, 0x86, 0x88, 0xc7, 0x86, 0x68, 0x88, 0x86, 0x88, 0x88, 0x66, 0x78, 0x64, 0x76,
    0x66, 0x64, 0x58, 0x66, 0x87, 0xcb, 0xc6, 0xcb, 0x88, 0xc7, 0xbb, 0xcc, 0x7b, 0x7f, 0x1f, 0x86,
    0xbc, 0x7c, 0x86, 0x77, 0x65, 0x88, 0x8a, 0xcc, 0xc7, 0xb3, 0x23, 0xef, 0xdf, 0x11, 0x12, 0x12,
    0x11, 0x11, 0x31, 0x3f, 0xf3, 0x21, 0x43, 0x11, 0xff, 0xf3, 0xfe, 0xf1, 0x12, 0x33, 0x23, 0xfd,
    0xd4, 0x33, 0x11, 0x13, 0x23, 0xf3, 0x11, 0x23, 0xf2, 0x1a, 0x31, 0x11, 0xdd, 0xdd, 0xdd, 0xbf,
    0xdd, 0xbd, 0x66, 0x21, 0x11, 0x11, 0x11, 0x5f, 0xd4, 0xcb, 0xcd, 0xb8, 0x88, 0xcb, 0xb7, 0x6c,
    0x7c, 0x6c, 0x7b, 0x88, 0x76, 0x86, 0x68, 0x67, 0x67, 0x67, 0xc6, 0x87, 0x76, 0x66, 0x68, 0x6e,
    0x68, 0x88, 0x88, 0x9a, 0xc7, 0x68, 0x87, 0x87, 0x46, 0x8a, 0x68, 0xe8, 0x68, 0xcc, 0x88, 0x66,
    0x88, 0x68, 0x68, 0x57, 0xc5, 0x67, 0x66, 0x8c, 0x67, 0x88, 0x66, 0x88, 0x6d, 0x6d, 0x67, 0xcc,
    0x77, 0xdd, 0x7b, 0xb7, 0xb8, 0xbd, 0x8c, 0xbc, 0xbd, 0xb6, 0x88, 0xb8, 0x68, 0x78, 0x66, 0x68,
    0x7d, 0xcb, 0x13, 0xbd, 0xdd, 0xd1, 0x11, 0x21, 0x11, 0x11, 0xf1, 0xff, 0x73, 0x21, 0x3d, 0x11,
    0xff, 0xc2, 0xfd, 0xd1, 0x12, 0x33, 0x14, 0xcf, 0xc6, 0x3f, 0x11, 0x13, 0x33, 0xf3, 0x21, 0x33,
    0xf1, 0x1e, 0x31, 0x11, 0xfe, 0xcc, 0xfd, 0xdd, 0xd8, 0xbd, 0xf5, 0xf7, 0xbc, 0x7a, 0xdd, 0xdb,
    0x78, 0xcd, 0xdb, 0xcd, 0x6c, 0x78, 0xbc, 0xb7, 0x68, 0x77, 0xb7, 0x88, 0xc6, 0x65, 0x55, 0x58,
    0x76, 0xb8, 0x85, 0x66, 0x64, 0x46, 0x67, 0xc8, 0x84, 0xee, 0x8c, 0xec, 0x7e, 0x88, 0x68, 0x68,
    0xe8, 0x88, 0x76, 0xcc, 0x68, 0x78, 0x87, 0xe8, 0xc8, 0x8b, 0xc7, 0x78, 0x64, 0x56, 0x66, 0x68,
    0x68, 0x74, 0x64, 0x88, 0xc8, 0x4c, 0x88, 0x76, 0x8c, 0x88, 0x8c, 0xb8, 0x88, 0xd5, 0x7c, 0x5c,
    0x7c, 0x76, 0xe6, 0xc6, 0x48, 0xe8, 0x8c, 0xcd, 0xed, 0xdb, 0x13, 0xfd, 0xdc, 0xdf, 0x31, 0x21,
    0x3f, 0x46, 0xf1, 0x23, 0x43, 0xf1, 0x3f, 0x11, 0xfc, 0x32, 0xca, 0xf1, 0x1f, 0x33, 0x38, 0x65,
    0x3d, 0x3b, 0xf2, 0x11, 0x33, 0x47, 0x21, 0x33, 0xf1, 0x24, 0x11, 0x13, 0xfd, 0xe7, 0xee, 0xdb,
    0xdd, 0xc7, 0xb2, 0x48, 0xdb, 0xcb, 0xcd, 0xcc, 0xdb, 0xcd, 0xed, 0xcc, 0xb7, 0xc7, 0x7c, 0x64,
    0xbc, 0x77, 0x87, 0x76, 0x58, 0x66, 0x66, 0x57, 0x86, 0x45, 0xb5, 0x7c, 0x87, 0x86, 0x74, 0x78,
    0x88, 0x48, 0xc8, 0x98, 0x9b, 0xb8, 0x8c, 0x67, 0x6c, 0x88, 0x96, 0xcb, 0x9c, 0xce, 0x6c, 0x7c,
    0x88, 0x88, 0xe8, 0x46, 0x67, 0x66, 0x57, 0x68, 0x67, 0x86, 0x67, 0x66, 0x6c, 0x77, 0xcc, 0x7c,
    0x78, 0x77, 0xbc, 0x68, 0x77, 0xb7, 0x87, 0x9d, 0xcc, 0xe7, 0xdc, 0x6c, 0x6c, 0x8c, 0xcb, 0xdc,
    0xde, 0xcd, 0x13, 0xff, 0xdd, 0xda, 0x73, 0xff, 0xcc, 0x68, 0x41, 0x22, 0x3d, 0xf1, 0x1f, 0x12,
    0xe8, 0x23, 0xf4, 0x11, 0x1f, 0xf3, 0x2c, 0x28, 0x2f, 0x43, 0xf1, 0x11, 0xf8, 0x47, 0x21, 0xc3,
    0xf1, 0x3f, 0x11, 0x14, 0x8e, 0x3c, 0xbd, 0xdc, 0x8b, 0xbd, 0x52, 0xbd, 0xcb, 0xbe, 0xcd, 0xdd,
    0xdb, 0xbc, 0xbb, 0xd8, 0x6b, 0x7c, 0x7c, 0x6b, 0xb8, 0xc6, 0x67, 0x85, 0x67, 0xb4, 0x66, 0x76,
    0x86, 0x66, 0x7c, 0x7c, 0xbc, 0x67, 0xc7, 0x66, 0x86, 0x6c, 0xca, 0x88, 0x98, 0xc8, 0xcc, 0x68,
    0xe8, 0x88, 0x78, 0x8e, 0x8e, 0x8e, 0xa8, 0xbe, 0xc8, 0x88, 0x85, 0x44, 0x64, 0x88, 0x64, 0xcc,
    0x66, 0x78, 0x77, 0x8d, 0x68, 0x87, 0x86, 0xc7, 0x88, 0x8b, 0x76, 0xb8, 0x6b, 0xbc, 0x6c, 0xcc,
    0x8c, 0xd7, 0xdc, 0xcc, 0xcb, 0xcc, 0xcc, 0xed, 0xdc, 0xdd, 0x13, 0xdd, 0xdd, 0xde, 0x31, 0xbd,
    0xdb, 0xbf, 0xf1, 0x22, 0x44, 0xf1, 0x1f, 0x12, 0xff, 0x2e, 0xff, 0x11, 0x1d, 0x34, 0xaf, 0x2a,
    0x22, 0xf3, 0x33, 0x11, 0x3f, 0x3f, 0x21, 0x43, 0xf1, 0x3f, 0x11, 0x24, 0x42, 0xdb, 0x8c, 0xdf,
    0x27, 0x44, 0x17, 0xdb, 0xbd, 0xed, 0xae, 0xcc, 0xed, 0xdb, 0xcd, 0x7b, 0xcd, 0xe6, 0xdb, 0xdc,
    0xc8, 0x65, 0x88, 0x76, 0x67, 0x86, 0x67, 0x67, 0x67, 0x45, 0x67, 0x6c, 0x6b, 0x88, 0xc8, 0xc8,
    0xcc, 0x68, 0x8d, 0xb6, 0x98, 0x8c, 0x88, 0x86, 0x86, 0x66, 0x87, 0x86, 0xc8, 0xe8, 0xec, 0x88,
    0x87, 0x88, 0x48, 0x66, 0x47, 0x78, 0x64, 0x87, 0x68, 0x66, 0x46, 0x66, 0x68, 0x66, 0x78, 0x88,
    0xbc, 0xcc, 0x6c, 0xcb, 0x6c, 0xcc, 0xc7, 0xc8, 0xc8, 0xdc, 0xdd, 0xc8, 0xcc, 0xec, 0x7c, 0xad,
    0xee, 0xdc, 0x13, 0xbd, 0xde, 0xcc, 0xf1, 0x4d, 0xdd, 0xff, 0xd4, 0x1f, 0x2f, 0xf1, 0x1f, 0x13,
    0x93, 0x2f, 0x4f, 0x11, 0x43, 0x3f, 0xf2, 0x2d, 0x32, 0x63, 0x44, 0x21, 0x3f, 0x3d, 0x31, 0xe3,
    0xf1, 0x3f, 0x12, 0x2d, 0xf2, 0xfd, 0xb6, 0x31, 0xef, 0xff, 0x17, 0xdd, 0xcb, 0xbe, 0xcd, 0xdd,
    0xdd, 0x6c, 0x38, 0xbc, 0x77, 0xbd, 0xbd, 0x78, 0x8a, 0x87, 0x84, 0xcc, 0xc8, 0x55, 0x68, 0x68,
    0x6c, 0x78, 0xcc, 0x88, 0x78, 0xd8, 0xcc, 0x86, 0x6d, 0xc6, 0xe6, 0x76, 0x68, 0x48, 0xc6, 0x86,
    0x78, 0x89, 0x88, 0x66, 0x8c, 0x86, 0x86, 0x88, 0x8e, 0xc6, 0xb8, 0x86, 0x56, 0xd5, 0x68, 0x68,
    0x66, 0x66, 0x74, 0x66, 0x86, 0x8c, 0x7d, 0xbb, 0xc6, 0xbb, 0xad, 0xbc, 0xcd, 0xbe, 0xd7, 0xde,
    0xec, 0xeb, 0xee, 0xbc, 0xdc, 0xee, 0xa6, 0xc8, 0xd7, 0xbd, 0x13, 0xde, 0xbd, 0xdb, 0x2f, 0xd6,
    0x8d, 0xdf, 0xbf, 0x2f, 0x3f, 0xf2, 0x1f, 0x13, 0x42, 0x2f, 0xbf, 0x11, 0xf3, 0x3c, 0xe2, 0xff,
    0xf2, 0x23, 0x8f, 0x21, 0x23, 0xed, 0x31, 0x33, 0xf1, 0x3f, 0x12, 0x3f, 0x39, 0x6c, 0xf2, 0x14,
    0x38, 0xff, 0x27, 0x7c, 0xb8, 0x7d, 0x5b, 0xdd, 0xdd, 0x86, 0x32, 0xd8, 0x6d, 0xd7, 0xcc, 0xbb,
    0xb8, 0x8c, 0x8c, 0x68, 0x68, 0x56, 0x67, 0xc6, 0x8c, 0x66, 0x8c, 0x68, 0x67, 0xc8, 0xde, 0x7c,
    0x68, 0x88, 0x88, 0x64, 0x64, 0x66, 0x86, 0x68, 0x46, 0x87, 0x88, 0x8d, 0x8c, 0x8c, 0xe8, 0x78,
    0x8c, 0x84, 0x66, 0x67, 0x67, 0x67, 0x66, 0x48, 0x87, 0x47, 0x66, 0x77, 0x86, 0x88, 0x7e, 0x77,
    0xcc, 0x67, 0x6d, 0xeb, 0x7d, 0xed, 0xcd, 0xed, 0xc7, 0xbc, 0xbb, 0xbd, 0xcc, 0x6c, 0x6a, 0xdd,
    0x7d, 0xdd, 0x13, 0xad, 0xdb, 0xc8, 0x14, 0xfd, 0xdf, 0x47, 0x78, 0x2f, 0x39, 0xf2, 0x1f, 0x14,
    0x32, 0x3c, 0xf1, 0x21, 0x3e, 0x33, 0x22, 0xfd, 0xf2, 0x2f, 0x6d, 0x21, 0x12, 0xff, 0x31, 0x33,
    0xf1, 0x8b, 0x13, 0x5f, 0x24, 0xff, 0x11, 0xbd, 0xfd, 0x82, 0xfb, 0xcc, 0xcd, 0xbb, 0xff, 0xdd,
    0xbc, 0xbc, 0x32, 0xdb, 0x68, 0xec, 0x7d, 0xc2, 0x5d, 0xbc, 0x87, 0xcb, 0x66, 0x86, 0x68, 0x64,
    0x7c, 0x68, 0xc8, 0x66, 0x88, 0x68, 0x86, 0x67, 0x67, 0x88, 0x86, 0x86, 0x48, 0x88, 0x44, 0x44,
    0x88, 0x68, 0xc7, 0x86, 0x46, 0x66, 0x88, 0x86, 0x87, 0x66, 0x66, 0xb8, 0x66, 0x78, 0x66, 0x86,
    0x74, 0x64, 0x66, 0x87, 0x67, 0xcd, 0xc6, 0xcc, 0x88, 0xd7, 0x87, 0xbd, 0xda, 0xcc, 0xcd, 0xcd,
    0xec, 0xde, 0xdc, 0xcd, 0xec, 0x6e, 0x7d, 0x7d, 0xed, 0xdd, 0x13, 0xdd, 0xdd, 0xcf, 0x18, 0xdf,
    0xdd, 0x24, 0xde, 0x2f, 0x2f, 0xf2, 0x1f, 0x2f, 0xb2, 0x3b, 0xb1, 0x21, 0x3f, 0x33, 0x22, 0xdd,
    0xf3, 0x2f, 0xff, 0xf1, 0x12, 0x4b, 0xf1, 0x33, 0xf1, 0x43, 0x1f, 0x67, 0x23, 0x41, 0x1f, 0x87,
    0x87, 0x32, 0xfd, 0xc6, 0xbd, 0xdf, 0x1d, 0xbb, 0xcd, 0xb7, 0x32, 0x2f, 0xa3, 0xad, 0xbf, 0x26,
    0xca, 0xdc, 0x7b, 0x78, 0xce, 0xc7, 0x86, 0x68, 0x88, 0x87, 0x87, 0x87, 0x5b, 0x86, 0x87, 0x88,
    0x66, 0x68, 0x66, 0x86, 0x88, 0x88, 0x84, 0x48, 0x48, 0x86, 0x47, 0x8c, 0x87, 0x86, 0x87, 0x86,
    0x78, 0x66, 0x85, 0x57, 0x66, 0x87, 0x68, 0x66, 0x84, 0x66, 0x76, 0x6b, 0xc8, 0x6a, 0xdc, 0x7c,
    0x75, 0xb5, 0x66, 0x8d, 0xcd, 0xdc, 0xb7, 0xcd, 0xdb, 0xcd, 0xdd, 0xcb, 0xeb, 0x8e, 0xee, 0xcd,
    0xed, 0xed, 0x13, 0xdd, 0xd6, 0x82, 0x2d, 0x8c, 0xdd, 0xe2, 0xf4, 0x2f, 0x2f, 0xf2, 0x13, 0x2f,
    0xf2, 0x34, 0x11, 0x23, 0xff, 0x33, 0x13, 0xad, 0xdf, 0x23, 0xfd, 0x41, 0x11, 0x8d, 0xe1, 0x33,
    0xf1, 0x83, 0x1f, 0x72, 0x2d, 0x11, 0xdf, 0xd8, 0x74, 0x22, 0xfd, 0x74, 0xbf, 0x31, 0xfb, 0xbc,
    0xcd, 0xbd, 0xdf, 0x23, 0x3f, 0xc6, 0xd1, 0xfb, 0xd7, 0xdb, 0x7b, 0xbc, 0xcc, 0x86, 0x66, 0x88,
    0x87, 0x78, 0x68, 0x88, 0x66, 0xc8, 0xd8, 0x85, 0x67, 0x67, 0x66, 0x68, 0xc8, 0x84, 0x68, 0x66,
    0x66, 0x76, 0xc7, 0x76, 0x88, 0x66, 0x64, 0x88, 0x88, 0x84, 0x76, 0x67, 0x68, 0x76, 0x86, 0x68,
    0x66, 0x46, 0x64, 0x67, 0xbb, 0xbc, 0x7c, 0x77, 0x63, 0x24, 0x32, 0x32, 0x11, 0x11, 0x12, 0x22,
    0x2f, 0x22, 0xfb, 0x63, 0xd3, 0x8c, 0xee, 0xce, 0xfc, 0xdf, 0x13, 0xde, 0xdc, 0x81, 0x2f, 0x8d,
    0xdf, 0xf2, 0x84, 0x2f, 0x2f, 0xf3, 0x1d, 0x2f, 0x33, 0x34, 0x11, 0x23, 0x4f, 0xf2, 0x2a, 0xad,
    0xff, 0x23, 0x9d, 0xc2, 0x21, 0xef, 0xe1, 0x3f, 0xf1, 0xf3, 0x1f, 0x42, 0x2f, 0x11, 0xf6, 0xdd,
    0xdb, 0x22, 0x47, 0xd4, 0x63, 0x21, 0xd7, 0x7c, 0xca, 0x8d, 0xff, 0x23, 0x3f, 0xdf, 0x31, 0xde,
    0xd7, 0xc7, 0x67, 0xbd, 0xcc, 0x86, 0x78, 0x88, 0x7d, 0xa6, 0x68, 0x86, 0x88, 0x8d, 0x88, 0x67,
    0x6b, 0x8c, 0x66, 0x48, 0xc6, 0x86, 0x86, 0x46, 0x66, 0x66, 0x5b, 0x87, 0x86, 0x86, 0x88, 0x66,
    0x68, 0x65, 0x65, 0x65, 0x67, 0x66, 0x66, 0x85, 0x67, 0x44, 0x66, 0x66, 0x6c, 0x68, 0x6b, 0x8b,
    0x73, 0x2f, 0x32, 0x32, 0x11, 0x12, 0x12, 0x22, 0x3f, 0x22, 0x43, 0xa3, 0xf3, 0xc7, 0xfe, 0xef,
    0xd4, 0x9c, 0x13, 0xdd, 0xdf, 0xf1, 0x24, 0xcd, 0xdd, 0xd2, 0xff, 0x3f, 0x2f, 0x89, 0x1f, 0x2e,
    0x32, 0x3e, 0x21, 0x2f, 0x34, 0x32, 0x2d, 0x7d, 0xff, 0x21, 0xff, 0xf2, 0x31, 0x3e, 0xa1, 0x2e,
    0xf1, 0x93, 0x2f, 0x32, 0x33, 0x11, 0xc8, 0x8b, 0xdf, 0x12, 0x6d, 0x8f, 0xf2, 0x14, 0xd6, 0xbc,
    0xf2, 0xff, 0x74, 0x2f, 0x2c, 0xff, 0x22, 0x6c, 0xcc, 0xd8, 0xcd, 0xcc, 0xd8, 0xc8, 0xbc, 0x8a,
    0x6a, 0x67, 0x78, 0x64, 0x88, 0x68, 0x86, 0x86, 0x86, 0xc8, 0x68, 0x6c, 0x8e, 0x78, 0x68, 0x86,
    0x44, 0x78, 0x86, 0xc6, 0x66, 0x67, 0x46, 0x88, 0x76, 0x66, 0x68, 0x68, 0x68, 0x6c, 0x76, 0x68,
    0x76, 0x76, 0x66, 0x88, 0xc6, 0x78, 0x6c, 0x76, 0x77, 0xcc, 0x64, 0xbd, 0xdc, 0x23, 0x21, 0x11,
    0x11, 0x31, 0x11, 0x2f, 0xad, 0xb4, 0x2b, 0xdd, 0x62, 0x4b, 0x13, 0xdd, 0xde, 0x41, 0x4e, 0xd8,
    0x7d, 0x7f, 0x1d, 0x3d, 0x1f, 0xbf, 0x2f, 0x26, 0x23, 0x3f, 0x22, 0x29, 0x69, 0x32, 0x2d, 0xdd,
    0xdd, 0x32, 0xfe, 0xf2, 0x22, 0x3a, 0xd2, 0x24, 0xf1, 0xf2, 0x3f, 0x32, 0x91, 0x13, 0xfd, 0x88,
    0x6e, 0x15, 0xc3, 0x33, 0x31, 0x1f, 0xbd, 0xbb, 0xfd, 0x2e, 0x4e, 0x23, 0x3c, 0xf1, 0x1d, 0xc8,
    0xc8, 0xdc, 0xcc, 0xde, 0xd7, 0xe7, 0xd7, 0xbd, 0x68, 0x86, 0x66, 0x76, 0x98, 0xc8, 0xd8, 0x88,
    0x8c, 0x68, 0x68, 0x46, 0x86, 0x86, 0x66, 0x86, 0x66, 0x66, 0x48, 0x48, 0x86, 0x86, 0x48, 0x88,
    0x66, 0x66, 0x46, 0x48, 0x68, 0x88, 0x56, 0x66, 0x46, 0x85, 0x46, 0x86, 0xc6, 0x66, 0xcb, 0xb7,
    0x8d, 0xcc, 0x6d, 0xbc, 0xdc, 0xd6, 0x46, 0xf5, 0x11, 0x12, 0x2e, 0xf2, 0x33, 0x36, 0xce, 0xcd,
    0xcf, 0x38, 0x13, 0xdf, 0xf8, 0x31, 0xfd, 0xdd, 0xbf, 0xff, 0x14, 0x5f, 0x2f, 0xf4, 0x1f, 0x2b,
    0x2f, 0xf3, 0x22, 0x2f, 0xe9, 0x32, 0x2d, 0xdd, 0xed, 0xf2, 0x3f, 0xf3, 0x31, 0x1f, 0xf3, 0x29,
    0xf1, 0xe2, 0x34, 0x33, 0x21, 0x14, 0xff, 0x3f, 0x54, 0x1f, 0xd3, 0x37, 0x13, 0xd3, 0x3c, 0x7e,
    0xbb, 0x32, 0x3f, 0x32, 0x83, 0x11, 0xd6, 0xc7, 0x46, 0xcc, 0xdb, 0xcd, 0xbd, 0xdd, 0xcc, 0xcc,
    0xe8, 0xcc, 0xa8, 0x68, 0x88, 0x88, 0x67, 0x88, 0x78, 0x46, 0x67, 0x86, 0xc6, 0x8c, 0xb8, 0x4c,
    0x66, 0x66, 0x66, 0x48, 0x64, 0x46, 0x66, 0x66, 0x66, 0x84, 0x86, 0x66, 0x66, 0x86, 0x66, 0x78,
    0x66, 0xa8, 0xc8, 0x66, 0x77, 0xcc, 0xb7, 0xb6, 0xb7, 0x6c, 0xbb, 0x86, 0x6d, 0x74, 0x33, 0x33,
    0x33, 0x12, 0x22, 0x12, 0x33, 0x4d, 0xdf, 0xfb, 0xdf, 0x33, 0x23, 0xdd, 0xdb, 0x33, 0x44, 0x8f,
    0x5f, 0xff, 0x22, 0xff, 0x2f, 0xf2, 0x2e, 0x2f, 0x2f, 0xe3, 0x22, 0x2f, 0x34, 0x33, 0x3e, 0xdd,
    0xed, 0xe2, 0x3f, 0xf3, 0x32, 0x1f, 0xf3, 0x2e, 0xf1, 0xe2, 0x28, 0x33, 0x11, 0x1f, 0xff, 0x2f,
    0xfd, 0x14, 0xf3, 0xff, 0x1e, 0x34, 0x3d, 0xee, 0xda, 0x72, 0x3d, 0x32, 0x93, 0x12, 0x49, 0xff,
    0xef, 0xff, 0xfb, 0xbd, 0xdd, 0xbd, 0xdd, 0xd7, 0xcb, 0xc7, 0xc8, 0x86, 0x68, 0x68, 0x66, 0x99,
    0x7a, 0x66, 0x68, 0xa8, 0x88, 0x67, 0x6c, 0x88, 0x46, 0x66, 0x86, 0x86, 0x66, 0x88, 0x68, 0x88,
    0x48, 0x68, 0x8c, 0x88, 0x66, 0x76, 0xbb, 0x66, 0x66, 0x8b, 0x8b, 0x57, 0x68, 0x78, 0xbb, 0xcf,
    0xdb, 0xd5, 0xdf, 0xfa, 0x3c, 0x33, 0x21, 0x11, 0x11, 0x27, 0xff, 0x13, 0x44, 0xf4, 0x3f, 0xb4,
    0x48, 0xf3, 0x33, 0xdc, 0x6b, 0x5f, 0xab, 0x8d, 0x36, 0xff, 0x22, 0xd4, 0x1f, 0xf2, 0x3f, 0x2d,
    0x2f, 0xe2, 0x22, 0x3e, 0x34, 0x33, 0x7e, 0xde, 0xed, 0xd2, 0x2f, 0x93, 0x32, 0x1f, 0xd3, 0x23,
    0xf2, 0xe2, 0xcf, 0x33, 0x11, 0xec, 0x41, 0xee, 0xef, 0x1e, 0xf2, 0xf1, 0x24, 0xf2, 0xff, 0x8e,
    0xd4, 0x83, 0x3f, 0x42, 0xf2, 0x24, 0xf3, 0x11, 0x12, 0x12, 0x2f, 0xff, 0x6f, 0xff, 0xed, 0xce,
    0x7d, 0xcc, 0x7c, 0xce, 0xe6, 0xcc, 0xec, 0xd8, 0xa6, 0x88, 0x86, 0xec, 0xe8, 0x66, 0xc8, 0x86,
    0x94, 0x66, 0xb8, 0x68, 0x47, 0x88, 0x88, 0xe8, 0x88, 0x89, 0xcc, 0x84, 0x86, 0x76, 0x86, 0x66,
    0x66, 0x68, 0x88, 0x77, 0xc7, 0xdc, 0xcb, 0x71, 0x32, 0x27, 0x31, 0x21, 0x13, 0x11, 0x11, 0x11,
    0x21, 0x11, 0x22, 0x33, 0x21, 0x11, 0x11, 0x12, 0x38, 0xf2, 0x34, 0xdf, 0xfa, 0x3f, 0xff, 0xd6,
    0x32, 0x4f, 0x31, 0x44, 0x1f, 0xf2, 0x3f, 0x2d, 0x2f, 0xf2, 0x22, 0xce, 0x33, 0x33, 0xde, 0xdf,
    0xed, 0xd3, 0x2f, 0xf3, 0xe3, 0x1e, 0xdd, 0x23, 0xf2, 0xe2, 0xff, 0x31, 0x22, 0xfc, 0x32, 0x4d,
    0xff, 0x2e, 0xf2, 0x61, 0xf7, 0x3a, 0xdd, 0xde, 0xd3, 0xe3, 0x2f, 0xf3, 0x42, 0xff, 0x32, 0x32,
    0x22, 0x11, 0x11, 0x11, 0x23, 0x82, 0xcd, 0xbc, 0xbc, 0xdc, 0xac, 0xc7, 0xe7, 0x8c, 0xdd, 0x8c,
    0xdc, 0x78, 0xec, 0xdc, 0x86, 0x68, 0x8e, 0xcb, 0x6c, 0x76, 0x68, 0x88, 0x66, 0x7b, 0x8c, 0xc8,
    0x67, 0xe6, 0x68, 0x88, 0x86, 0x67, 0x87, 0x88, 0x87, 0x66, 0x68, 0x76, 0xcb, 0xcd, 0xdc, 0x6b,
    0xbb, 0xbb, 0x77, 0x7b, 0xdd, 0x87, 0xf6, 0x32, 0x11, 0x11, 0x11, 0x11, 0x21, 0x32, 0xfd, 0xd8,
    0xcc, 0x42, 0xf4, 0xff, 0x2d, 0x3f, 0xfd, 0x86, 0xe2, 0xcb, 0xf1, 0x8d, 0x3f, 0xf1, 0x3f, 0x38,
    0x2f, 0xe2, 0x22, 0xed, 0x33, 0x33, 0xee, 0xed, 0xff, 0xd3, 0x2f, 0xf3, 0xf3, 0x18, 0xdd, 0x23,
    0xf2, 0xe2, 0xdb, 0x31, 0x22, 0xff, 0x23, 0xcf, 0xff, 0x2f, 0xd2, 0xf2, 0xf3, 0x24, 0x7b, 0xbd,
    0xd3, 0xf4, 0x3f, 0xd4, 0xff, 0x4f, 0x34, 0x4d, 0xff, 0xaf, 0x34, 0xfc, 0xff, 0x74, 0xed, 0xcb,
    0xd7, 0xbb, 0xcd, 0xcd, 0xcd, 0xdd, 0xc8, 0xc6, 0xc6, 0xcc, 0xc6, 0xcd, 0xc8, 0x8c, 0x8c, 0x86,
    0xbe, 0xc6, 0x7c, 0x64, 0x88, 0x86, 0x86, 0x88, 0x78, 0x64, 0x86, 0x8e, 0x84, 0x76, 0x68, 0x8c,
    0x66, 0x77, 0x87, 0x87, 0xbc, 0xbc, 0x6b, 0x6c, 0xcb, 0xdc, 0xdc, 0x67, 0xcc, 0x8d, 0xbd, 0xdc,
    0x8b, 0x43, 0x65, 0x6f, 0x6e, 0xdd, 0xff, 0xfc, 0xdd, 0xd4, 0x7f, 0xd8, 0x2e, 0x37, 0xb6, 0x38,
    0xf3, 0xff, 0xf2, 0x8d, 0x3f, 0xf2, 0x2d, 0x8d, 0x2f, 0xe2, 0x23, 0xdd, 0xa3, 0x33, 0xdd, 0xde,
    0xfd, 0xb8, 0x2f, 0xff, 0xd3, 0x1c, 0xdd, 0x23, 0xf2, 0xd2, 0xcd, 0x32, 0x23, 0x43, 0x2f, 0xff,
    0xee, 0x2d, 0x83, 0xf2, 0xf3, 0x3d, 0xdd, 0xc3, 0x21, 0x21, 0x11, 0x11, 0x11, 0x11, 0x21, 0x12,
    0x34, 0x2f, 0x2f, 0xfe, 0xdf, 0xde, 0xcd, 0xdb, 0xcb, 0xcb, 0xdc, 0xcd, 0xbd, 0xed, 0xac, 0x78,
    0xb8, 0x88, 0x67, 0xb8, 0x8c, 0x66, 0x8c, 0xcc, 0x87, 0x88, 0x48, 0x68, 0x66, 0x47, 0x8c, 0x88,
    0x66, 0x68, 0x88, 0x67, 0x68, 0xcc, 0x66, 0x6c, 0x8b, 0x76, 0x6c, 0x67, 0x6b, 0x66, 0x77, 0xc7,
    0x78, 0x77, 0xcb, 0x78, 0x68, 0x87, 0xcd, 0xcd, 0xdd, 0xeb, 0xfd, 0xef, 0xfc, 0xee, 0xcd, 0xdd,
    0xdf, 0xd8, 0xdf, 0xea, 0x2f, 0xdd, 0x64, 0x3f, 0xff, 0x3c, 0x32, 0xed, 0x3f, 0xf2, 0x2d, 0xef,
    0x2f, 0xe2, 0x23, 0xff, 0xd3, 0x3f, 0xfe, 0xbd, 0xbb, 0xbd, 0x2f, 0xde, 0xf3, 0x2c, 0xfb, 0x33,
    0xf2, 0xf4, 0x3f, 0x32, 0x3f, 0xd2, 0xff, 0xff, 0xea, 0x2b, 0x83, 0xf3, 0xc8, 0xfd, 0xb8, 0x7f,
    0xff, 0xff, 0xff, 0xff, 0xff, 0xf8, 0x33, 0xff, 0x4f, 0xe8, 0xff, 0xf8, 0xff, 0xdf, 0xfc, 0xbc,
    0xb7, 0xbc, 0xdd, 0xbd, 0xc6, 0xcb, 0xd6, 0x77, 0xb6, 0x6c, 0xb6, 0x56, 0xcb, 0xc6, 0xbc, 0x84,
    0x68, 0xd8, 0x78, 0xcc, 0x66, 0x88, 0x8c, 0xc6, 0x87, 0x88, 0x66, 0x66, 0xbb, 0x8c, 0xb6, 0x76,
    0x6b, 0xc7, 0x7c, 0x76, 0x7c, 0x86, 0x86, 0x88, 0xb6, 0x88, 0x7c, 0x58, 0x68, 0x5c, 0xcb, 0xdc,
    0xcd, 0xfc, 0xef, 0xfe, 0xdb, 0x68, 0xdf, 0xdf, 0xdf, 0xda, 0xdf, 0xcf, 0x2f, 0x66, 0x62, 0xff,
    0xd3, 0x34, 0x73, 0xff, 0x3f, 0xf2, 0x2f, 0xfd, 0x3f, 0x42, 0x3d, 0xff, 0xf4, 0x4f, 0xfd, 0xdd,
    0xd3, 0x22, 0x12, 0x22, 0x22, 0x12, 0x32, 0x12, 0x32, 0x32, 0x33, 0x22, 0x23, 0x32, 0x43, 0x33,
    0x34, 0x2f, 0x73, 0x33, 0xf3, 0x3f, 0xd8, 0xdb, 0x46, 0xef, 0xdc, 0xce, 0x43, 0x33, 0x22, 0x22,
    0x22, 0x22, 0x22, 0x22, 0x22, 0x23, 0x22, 0x34, 0x22, 0x11, 0x12, 0x33, 0x83, 0x22, 0xd7, 0x68,
    0x86, 0x68, 0xc7, 0xc6, 0x86, 0x68, 0xb8, 0x56, 0x66, 0xbc, 0x66, 0x88, 0x86, 0x66, 0x4c, 0x66,
    0x68, 0x66, 0x48, 0x68, 0xc7, 0xc8, 0x66, 0x7b, 0xdc, 0xcc, 0x6c, 0x7c, 0xc7, 0xc6, 0x86, 0x85,
    0x6c, 0x6d, 0xb7, 0x6c, 0x76, 0x68, 0x68, 0x87, 0xcf, 0x3d, 0x32, 0x32, 0x22, 0x21, 0x21, 0x12,
    0x22, 0x22, 0x33, 0x32, 0x12, 0x33, 0x21, 0x22, 0x22, 0x12, 0x21, 0x22, 0x22, 0x32, 0x23, 0x33,
    0x22, 0x21, 0x12, 0x23, 0x22, 0x22, 0x22, 0x3d, 0xd2, 0x11, 0x11, 0x11, 0x11, 0x11, 0x22, 0x12,
    0x22, 0x21, 0x23, 0x22, 0x22, 0x21, 0x42, 0x22, 0xff, 0x3f, 0xfa, 0x23, 0xe3, 0xdf, 0xff, 0xaf,
    0xfe, 0xde, 0xdd, 0xd6, 0xd2, 0x23, 0x11, 0x21, 0x11, 0x11, 0x11, 0x11, 0x11, 0x12, 0x11, 0x28,
    0x21, 0x11, 0x11, 0x32, 0xb3, 0x22, 0xc8, 0x76, 0xc6, 0x88, 0x88, 0xc8, 0x57, 0x66, 0x68, 0x86,
    0x68, 0xbb, 0x66, 0x88, 0x66, 0x87, 0x8c, 0x76, 0x86, 0x86, 0x66, 0x66, 0x66, 0x66, 0xc8, 0x67,
    0x8d, 0x7d, 0xcc, 0xc8, 0xc6, 0x78, 0xcb, 0x58, 0x78, 0x56, 0x67, 0x68, 0x66, 0x68, 0x68, 0xa7,
    0xcd, 0x2d, 0x22, 0x32, 0x11, 0x11, 0x11, 0x11, 0x11, 0x12, 0x32, 0x21, 0x11, 0x13, 0x21, 0x11,
    0x11, 0x11, 0x11, 0x12, 0x22, 0x22, 0x22, 0x22, 0x11, 0x11, 0x11, 0x12, 0x11, 0x11, 0x11, 0x2d,
    0xbb, 0xdd, 0xbd, 0xf6, 0x33, 0x32, 0x11, 0x11, 0x11, 0x11, 0x11, 0x11, 0x23, 0x31, 0xd2, 0x11,
    0x11, 0x11, 0x11, 0x11, 0x11, 0x11, 0x11, 0x23, 0x26, 0xce, 0xd7, 0xcb, 0xcb, 0x66, 0x83, 0x22,
    0x11, 0x13, 0x2f, 0x67, 0xb7, 0xb7, 0x6b, 0xbd, 0xbb, 0xbd, 0xbb, 0xbd, 0xdd, 0xbb, 0x66, 0xcb,
    0xc7, 0x86, 0x77, 0x87, 0x66, 0x66, 0x8c, 0x48, 0x66, 0xb8, 0x86, 0x67, 0x68, 0xc8, 0x67, 0x68,
    0xc6, 0x66, 0x86, 0x65, 0x66, 0x68, 0xcc, 0x6a, 0xd8, 0xcc, 0x77, 0x88, 0x86, 0x68, 0xbc, 0x78,
    0xa6, 0x7b, 0x7c, 0xb6, 0x66, 0x87, 0x86, 0x88, 0xc6, 0x77, 0xd7, 0x7d, 0xdc, 0xbd, 0xfd, 0x6c,
    0x32, 0x11, 0x11, 0x12, 0x23, 0xf8, 0xde, 0xbd, 0xcd, 0xda, 0x32, 0x11, 0x11, 0x11, 0x11, 0x12,
    0x12, 0x23, 0xfd, 0xdb, 0xdd, 0xed, 0xfb, 0xbd, 0xdd, 0xce, 0xcf, 0xfc, 0xd6, 0x3e, 0xf3, 0x11,
    0x12, 0x4d, 0xfa, 0x33, 0xff, 0x23, 0xb4, 0xee, 0x8a, 0x31, 0x11, 0x23, 0x33, 0x44, 0xef, 0xfb,
    0x78, 0x7c, 0xcc, 0xcd, 0xce, 0x78, 0xff, 0x84, 0x83, 0x4f, 0xdd, 0xd8, 0x8b, 0xd8, 0xbb, 0xbc,
    0xbb, 0xbc, 0xbc, 0xcc, 0xcd, 0xcd, 0x76, 0x77, 0x77, 0x6c, 0x76, 0xcc, 0x68, 0x66, 0x86, 0x64,
    0x66, 0x58, 0xc8, 0x68, 0xc7, 0x87, 0x55, 0x78, 0x86, 0x88, 0x86, 0x86, 0x66, 0x66, 0x8c, 0xc8,
    0xb7, 0xc6, 0x76, 0x78, 0x87, 0x7c, 0xc7, 0xb6, 0x8b, 0x88, 0xc7, 0xcc, 0xc8, 0x76, 0x66, 0x86,
    0xbc, 0xc7, 0xc7, 0x8b, 0x8d, 0xdd, 0xdc, 0x8c, 0xd4, 0x4d, 0x23, 0x44, 0x48, 0x24, 0xcf, 0xdd,
    0xdf, 0xff, 0xff, 0x44, 0xed, 0x31, 0x1f, 0x33, 0x48, 0xff, 0xc4, 0x8c, 0xfd, 0xbd, 0xdc, 0xde,
    0xcd, 0xbe, 0x64, 0x8b, 0xf3, 0x37, 0xff, 0x33, 0x11, 0x1b, 0x43, 0x33, 0xf6, 0x2f, 0xac, 0xef,
    0xc4, 0x73, 0x54, 0xff, 0xb3, 0x49, 0xed, 0xe3, 0x38, 0x9e, 0xec, 0xcc, 0xcd, 0x7d, 0xcf, 0xc4,
    0x3d, 0xfd, 0xcd, 0xd8, 0xcd, 0x77, 0xbb, 0x77, 0x7c, 0x78, 0xc7, 0xbd, 0xbd, 0xc7, 0xcc, 0xdc,
    0xc6, 0x85, 0x6c, 0x58, 0xb8, 0x66, 0x86, 0x48, 0x86, 0xcc, 0xc8, 0x68, 0xbc, 0x76, 0x67, 0x77,
    0x88, 0x78, 0x58, 0x65, 0x68, 0x6c, 0x6c, 0xb7, 0xc7, 0xb6, 0x6c, 0x77, 0x67, 0x75, 0xc7, 0x68,
    0x66, 0x88, 0x6b, 0x77, 0x6c, 0x8c, 0xc6, 0xc7, 0x77, 0x7c, 0xbc, 0xca, 0xbd, 0xd8, 0xdf, 0xc8,
    0xde, 0xfc, 0x33, 0xfd, 0x84, 0x2d, 0xfc, 0xbf, 0xdd, 0xb4, 0xbc, 0x43, 0x22, 0x21, 0x11, 0x12,
    0x3f, 0xd3, 0x33, 0xfd, 0xfb, 0xba, 0x97, 0xee, 0xdc, 0xef, 0x23, 0x21, 0x11, 0x12, 0x11, 0x11,
    0x11, 0x11, 0x11, 0x11, 0x23, 0x14, 0x8e, 0xf2, 0x22, 0x12, 0x11, 0x23, 0x21, 0x23, 0xe8, 0x8e,
    0xdc, 0xcc, 0xd8, 0xed, 0xc6, 0xcb, 0x4c, 0x82, 0x22, 0xd4, 0xed, 0x7c, 0xcd, 0x8a, 0xcb, 0xab,
    0xc7, 0x7c, 0xdb, 0xcd, 0x67, 0x77, 0x78, 0xc6, 0x8b, 0x67, 0x6c, 0x66, 0x76, 0x66, 0x64, 0x45,
    0x46, 0x85, 0x68, 0x88, 0xb8, 0x78, 0x6c, 0xb7, 0x77, 0x68, 0x47, 0x67, 0x68, 0x77, 0xb8, 0xc7,
    0x8c, 0xb8, 0x7b, 0xb6, 0x67, 0xc6, 0x86, 0xc7, 0xc6, 0x76, 0x66, 0xb8, 0x84, 0x78, 0x68, 0x8e,
    0x7c, 0xc8, 0xd8, 0xcc, 0xbf, 0xfd, 0x8d, 0xfa, 0xff, 0xf4, 0x33, 0xff, 0xa7, 0x5f, 0x84, 0xdd,
    0xe3, 0x32, 0x21, 0x11, 0x11, 0x11, 0x11, 0x11, 0x11, 0x11, 0x12, 0x22, 0x22, 0x3b, 0xcd, 0xdd,
    0xe7, 0xde, 0xdf, 0x33, 0xc3, 0x2f, 0x3d, 0x3f, 0x32, 0x73, 0x3f, 0x33, 0x34, 0x18, 0xfd, 0xd9,
    0x4f, 0x34, 0x4f, 0xff, 0xff, 0xff, 0xdd, 0xdd, 0xde, 0xdb, 0xb7, 0xdc, 0xcc, 0x82, 0xf2, 0x11,
    0x11, 0x12, 0x92, 0x2f, 0xbb, 0xb8, 0x68, 0xcc, 0xcb, 0xbc, 0xcc, 0x68, 0x67, 0xc5, 0x78, 0x8a,
    0xd8, 0x68, 0x6c, 0x58, 0x76, 0x66, 0x86, 0x64, 0x66, 0x68, 0x66, 0x68, 0x6c, 0xb7, 0xcc, 0x86,
    0x68, 0x66, 0x66, 0x66, 0x6c, 0xb6, 0xc7, 0xda, 0xb8, 0xc6, 0xc7, 0xcc, 0x68, 0x8b, 0xc8, 0x8c,
    0x6c, 0xca, 0x87, 0xb7, 0xc7, 0x46, 0xb8, 0x8d, 0x68, 0x8c, 0xc8, 0xcc, 0xd2, 0x42, 0x21, 0x11,
    0x11, 0x11, 0x11, 0x11, 0x11, 0x23, 0x2c, 0xbd, 0xe6, 0xc6, 0x6f, 0xff, 0x33, 0x4f, 0x2f, 0x2f,
    0x93, 0x3f, 0xff, 0x64, 0x48, 0xcb, 0xcc, 0xcd, 0xce, 0xcb, 0x7f, 0xdd, 0xff, 0x39, 0xdf, 0xff,
    0x9f, 0xf3, 0xff, 0x33, 0xd4, 0x28, 0xfd, 0x7b, 0xdd, 0xc4, 0x6f, 0xf4, 0x6f, 0xfd, 0xdb, 0xef,
    0xfd, 0xfa, 0x78, 0xc8, 0xc8, 0xb8, 0xbd, 0x46, 0xd4, 0x4f, 0xfd, 0x66, 0xdc, 0xc7, 0xbb, 0xca,
    0x6b, 0xb7, 0x76, 0xc6, 0x67, 0xc7, 0x7b, 0xb8, 0xc7, 0x66, 0x68, 0x86, 0x56, 0x86, 0x68, 0x46,
    0x66, 0x66, 0x66, 0xb8, 0x8c, 0x7c, 0xbc, 0x77, 0x68, 0x67, 0x66, 0x74, 0x78, 0x6b, 0xb7, 0x7d,
    0x68, 0x86, 0x78, 0xc5, 0x6c, 0x66, 0x87, 0xc8, 0xb8, 0x77, 0xbc, 0xbb, 0x88, 0x76, 0xbe, 0x88,
    0x86, 0xbb, 0xc7, 0xcc, 0xc8, 0x84, 0xf7, 0x4d, 0xf6, 0x33, 0x43, 0x21, 0xff, 0x33, 0xbf, 0xeb,
    0xed, 0xeb, 0x6e, 0xfc, 0xc9, 0x69, 0xff, 0xf9, 0x48, 0xff, 0xfc, 0xbb, 0xfe, 0xbc, 0xe7, 0xcc,
    0xde, 0xe3, 0x32, 0x22, 0x21, 0x12, 0x2f, 0x22, 0x22, 0x42, 0xf2, 0x22, 0xe2, 0x2d, 0x23, 0x8e,
    0xdf, 0xb3, 0x31, 0x11, 0x21, 0x11, 0x11, 0x11, 0x15, 0xb8, 0xbb, 0xcb, 0xd8, 0x87, 0x7c, 0x68,
    0xcb, 0xed, 0xdc, 0xcc, 0xbc, 0xbc, 0xc6, 0x88, 0x87, 0x7c, 0xbc, 0x88, 0x67, 0x67, 0x66, 0xcb,
    0xc6, 0x76, 0x86, 0x66, 0x67, 0xc6, 0x66, 0x56, 0x68, 0x68, 0x87, 0x76, 0x68, 0xb6, 0x6b, 0x67,
    0x76, 0x86, 0x86, 0x86, 0x67, 0x75, 0xc7, 0x6b, 0x77, 0x66, 0x86, 0x66, 0x68, 0x6c, 0xbc, 0x76,
    0x78, 0x8c, 0xb7, 0x67, 0x57, 0x4c, 0xdb, 0xdc, 0x7b, 0x7c, 0xc6, 0xcb, 0x86, 0x7c, 0xcc, 0xcc,
    0xfe, 0x8c, 0xf3, 0x3d, 0xfb, 0x66, 0xdf, 0xc8, 0xcd, 0xfc, 0xd8, 0x44, 0xe3, 0xff, 0x2f, 0xfe,
    0xef, 0xfe, 0x48, 0xff, 0xdd, 0xbd, 0xbe, 0xec, 0xcc, 0xcc, 0xff, 0xfc, 0xcc, 0xff, 0xf4, 0x4f,
    0xff, 0xe4, 0x9f, 0x43, 0xff, 0x3f, 0x34, 0x84, 0x33, 0x11, 0x11, 0x11, 0x13, 0x11, 0x21, 0x22,
    0x21, 0x11, 0x11, 0xfd, 0x66, 0xc7, 0xbe, 0xdc, 0x7b, 0xcc, 0xdd, 0xcb, 0x66, 0xc6, 0x88, 0x78,
    0x8b, 0xb8, 0x86, 0x86, 0x6c, 0x6c, 0x77, 0x88, 0x86, 0x66, 0x5c, 0x76, 0xc6, 0x57, 0x66, 0x66,
    0x66, 0x66, 0x68, 0x78, 0x78, 0xcc, 0x67, 0x87, 0x76, 0x86, 0x88, 0x66, 0x67, 0x7c, 0x7c, 0x87,
    0x66, 0x66, 0xb6, 0x76, 0x77, 0x66, 0x78, 0xc7, 0xb7, 0x78, 0xe8, 0x76, 0x67, 0x66, 0xc8, 0xb6,
    0xbc, 0xb6, 0xcc, 0xb6, 0xb7, 0x68, 0xcc, 0xcc, 0x8d, 0x3d, 0x33, 0x32, 0x33, 0x33, 0x32, 0xf8,
    0xdf, 0xf2, 0x33, 0x11, 0x11, 0x11, 0x11, 0x11, 0x32, 0x22, 0x33, 0xf2, 0xdd, 0xdb, 0xcc, 0xdc,
    0xcb, 0xcb, 0xff, 0x66, 0xbf, 0xdf, 0xc8, 0xcf, 0xff, 0xf4, 0xdc, 0x67, 0xff, 0x34, 0x34, 0xf1,
    0x11, 0x11, 0x12, 0x32, 0x22, 0x22, 0x32, 0x22, 0x22, 0x11, 0x11, 0x12, 0xdb, 0xbb, 0xdc, 0xdc,
    0xc7, 0xc7, 0xbb, 0xdb, 0xb7, 0xc8, 0x78, 0xc7, 0x77, 0xbc, 0x7c, 0x76, 0x6c, 0xc7, 0x66, 0xb7,
    0xcc, 0x88, 0x66, 0x87, 0x6c, 0x76, 0x66, 0x66, 0x87, 0xc6, 0xc8, 0x6b, 0x68, 0x66, 0x76, 0x67,
    0x87, 0x86, 0x55, 0x86, 0x58, 0x8c, 0x78, 0xc7, 0x87, 0x88, 0x77, 0x77, 0x86, 0xbb, 0x6c, 0x77,
    0x68, 0x88, 0x7c, 0xc7, 0x75, 0x56, 0xb7, 0x7b, 0xb6, 0xbb, 0xcb, 0x6b, 0x57, 0xc6, 0xcc, 0x8c,
    0xbb, 0x23, 0x11, 0x11, 0x12, 0x23, 0x33, 0xe4, 0xcd, 0xbf, 0xfe, 0xff, 0xff, 0x3c, 0xf3, 0x3f,
    0x53, 0x7f, 0x33, 0x36, 0xfd, 0xcb, 0xd7, 0x7b, 0xdd, 0xfe, 0x33, 0x35, 0xff, 0xf3, 0x3d, 0xff,
    0xf5, 0x3f, 0xff, 0xf6, 0x6d, 0x7b, 0xdf, 0xf1, 0x11, 0x12, 0x11, 0x11, 0x23, 0x33, 0x31, 0x21,
    0x11, 0x12, 0x21, 0x11, 0xf7, 0xbc, 0x7d, 0xcd, 0xcc, 0x7c, 0xbc, 0x88, 0x76, 0x7c, 0x87, 0xc7,
    0x86, 0xb8, 0x6c, 0x77, 0x76, 0x85, 0x7c, 0x6c, 0xcc, 0x76, 0x8c, 0xb6, 0x66, 0x77, 0x66, 0x67,
    0x67, 0x7c, 0xc6, 0x68, 0x67, 0x78, 0xc6, 0x66, 0x68, 0x66, 0x65, 0x66, 0x76, 0x86, 0x7c, 0x8c,
    0x88, 0x8c, 0x88, 0x47, 0x86, 0x8c, 0x65, 0x66, 0x6c, 0xcd, 0x5b, 0x76, 0x66, 0x5b, 0x57, 0xff,
    0xff, 0xff, 0x7d, 0xff, 0xf6, 0xb6, 0x66, 0x8b, 0xc6, 0xb8, 0x98, 0xff, 0xe8, 0xef, 0xee, 0xcc,
    0xcd, 0x7d, 0x88, 0xff, 0xfd, 0xcf, 0xf7, 0x4c, 0xdf, 0xcf, 0xd6, 0x48, 0xbc, 0xbb, 0xb7, 0x6b,
    0x11, 0x11, 0x21, 0x11, 0x11, 0x11, 0x11, 0x11, 0x11, 0x11, 0x11, 0x11, 0x22, 0x4f, 0xff, 0x83,
    0xcf, 0x21, 0x11, 0x23, 0x11, 0x13, 0x12, 0x11, 0x21, 0x11, 0x11, 0x24, 0x8b, 0xd7, 0xe7, 0xcb,
    0x8b, 0xb7, 0xbb, 0x7b, 0x7c, 0xcc, 0x76, 0xa8, 0x8c, 0x78, 0x88, 0xd7, 0xad, 0x78, 0xcc, 0x87,
    0x7b, 0xb6, 0x57, 0x78, 0x7b, 0x66, 0x6c, 0x77, 0x7c, 0xbc, 0xc7, 0xc6, 0x76, 0x76, 0xc6, 0x86,
    0x67, 0x56, 0x68, 0x67, 0x88, 0x76, 0x88, 0x86, 0x87, 0xc8, 0x87, 0x8b, 0xc6, 0xc7, 0x7c, 0x6c,
    0x67, 0xc8, 0x65, 0x7b, 0x66, 0x21, 0x11, 0x22, 0x11, 0x11, 0x11, 0x11, 0x11, 0x1f, 0xf6, 0x66,
    0x88, 0x6b, 0xdf, 0xdf, 0xfd, 0x89, 0xee, 0xcc, 0xc8, 0xcd, 0x84, 0xdf, 0xff, 0xff, 0xd1, 0x11,
    0x11, 0x11, 0x11, 0x11, 0x11, 0x11, 0x1e, 0xf8, 0x11, 0x21, 0x22, 0x11, 0x11, 0x11, 0x11, 0x11,
    0x11, 0x12, 0x32, 0x22, 0x11, 0x11, 0x15, 0x34, 0xcb, 0xff, 0x34, 0x11, 0x11, 0x11, 0x11, 0x11,
    0x11, 0xfc, 0x3d, 0xed, 0xd7, 0xdc, 0xbe, 0xd7, 0x88, 0x7c, 0x7c, 0x86, 0x68, 0xcc, 0x7b, 0x8b,
    0xdf, 0x55, 0xfc, 0xcf, 0xf4, 0xfb, 0x67, 0x7b, 0xcb, 0xcb, 0x56, 0xc7, 0x67, 0xcb, 0xcc, 0x78,
    0x76, 0x67, 0xcb, 0x76, 0x67, 0x78, 0x77, 0x76, 0x67, 0x68, 0x67, 0x55, 0x66, 0x76, 0xc7, 0x56,
    0xa6, 0xc8, 0x76, 0xc7, 0x77, 0x78, 0x6c, 0x76, 0x7c, 0xc7, 0xb4, 0x51, 0x11, 0x11, 0x11, 0x11,
    0x22, 0x11, 0x12, 0x12, 0x11, 0x11, 0x11, 0x14, 0x88, 0x7c, 0xb3, 0x22, 0x23, 0x66, 0x6c, 0xdb,
    0xd6, 0x5b, 0x83, 0x33, 0x11, 0x11, 0x11, 0x11, 0x11, 0x11, 0x11, 0x12, 0x21, 0x11, 0x21, 0x11,
    0x11, 0x11, 0x12, 0x11, 0x11, 0x11, 0x11, 0x11, 0x23, 0xf2, 0x21, 0x21, 0x11, 0x11, 0x11, 0x11,
    0x3f, 0xfd, 0x66, 0x47, 0xdd, 0xb7, 0x7b, 0xd7, 0xbd, 0xbf, 0xd7, 0xdf, 0xb7, 0xbd, 0xdb, 0xdb,
    0xcd, 0xbc, 0x87, 0xc5, 0x78, 0xb7, 0xf2, 0xb2, 0x21, 0x11, 0x11, 0x11, 0x11, 0x11, 0x32, 0x23,
    0x26, 0x8c, 0x5c, 0x76, 0x6c, 0x5b, 0x6c, 0xbd, 0xcb, 0x75, 0x5d, 0xdd, 0x45, 0x77, 0xdb, 0xb5,
    0x56, 0x65, 0x68, 0x78, 0x45, 0xc5, 0xc6, 0xb5, 0xc7, 0xdb, 0xc6, 0x87, 0xc6, 0x67, 0x6c, 0x7c,
    0xb6, 0xb6, 0x31, 0x11, 0x11, 0x11, 0x13, 0x33, 0x32, 0x21, 0x22, 0x32, 0x32, 0x22, 0x22, 0x21,
    0xff, 0xdc, 0xc7, 0x7b, 0xcd, 0xdc, 0x6c, 0xb4, 0x83, 0x11, 0x11, 0x11, 0x12, 0x23, 0x32, 0x11,
    0x11, 0x12, 0x11, 0x11, 0x11, 0x12, 0x21, 0x11, 0x21, 0x11, 0x11, 0x31, 0x11, 0x11, 0x12, 0x35,
    0xf2, 0x11, 0x11, 0x11, 0x11, 0x11, 0x11, 0x11, 0x11, 0x1f, 0x46, 0x46, 0xcb, 0xc8, 0x8c, 0xfb,
    0xbb, 0xbb, 0xc7, 0xcd, 0xbc, 0xbc, 0xed, 0xcd, 0xcc, 0x8d, 0x5c, 0x86, 0x67, 0xc8, 0x57, 0x7d,
    0xa4, 0x8d, 0xd4, 0xad, 0x98, 0xfd, 0xdd, 0xdd, 0x7b, 0xc5, 0x87, 0x56, 0x55, 0x82, 0x62, 0x21,
    0x12, 0xf3, 0x21, 0x11, 0x12, 0x22, 0x22, 0x32, 0x56, 0x66, 0x65, 0x66, 0x76, 0xb7, 0x7c, 0xc8,
    0xd8, 0xb7, 0xb6, 0xc8, 0x68, 0x88, 0xc7, 0x67, 0xb8, 0x73, 0x11, 0x11, 0x12, 0x22, 0x11, 0x11,
    0x12, 0x33, 0x32, 0x21, 0x11, 0x11, 0x11, 0x11, 0x16, 0x77, 0x8b, 0xbb, 0xbc, 0xb5, 0xd1, 0x11,
    0x11, 0x11, 0x11, 0x11, 0x11, 0x11, 0x2b, 0x21, 0x11, 0x11, 0x21, 0x11, 0x12, 0x22, 0x21, 0x11,
    0x32, 0x12, 0x21, 0x33, 0x11, 0x12, 0x2b, 0x22, 0x11, 0x11, 0x11, 0x11, 0x11, 0x11, 0x11, 0x13,
    0x22, 0x21, 0x14, 0x7d, 0xd8, 0xbd, 0xbc, 0xcc, 0xcd, 0xcd, 0xd6, 0x66, 0x31, 0x11, 0x11, 0x22,
    0x35, 0x2c, 0x75, 0x68, 0x66, 0x68, 0xcc, 0xdb, 0x86, 0x8c, 0xcc, 0xc4, 0x8e, 0xcd, 0xdd, 0x86,
    0x87, 0x87, 0x66, 0x66, 0x66, 0x6f, 0xbf, 0x4f, 0xff, 0x67, 0x4f, 0xff, 0xff, 0x8d, 0xfc, 0xdf,
    0xb6, 0x55, 0x66, 0x67, 0x76, 0x68, 0xbb, 0xb7, 0xd5, 0x7d, 0xbc, 0xbd, 0x67, 0xb6, 0xc6, 0x85,
    0x68, 0x8c, 0xff, 0x11, 0x11, 0x11, 0x11, 0x22, 0x21, 0x13, 0x21, 0x22, 0x21, 0x11, 0x11, 0x11,
    0xff, 0xcb, 0xb7, 0x8b, 0xb4, 0x61, 0x11, 0x11, 0x11, 0x11, 0x11, 0x11, 0x11, 0x11, 0x11, 0x2d,
    0x11, 0x11, 0x31, 0x11, 0x23, 0x31, 0x11, 0x11, 0x23, 0x22, 0x11, 0x23, 0x21, 0x12, 0x32, 0x22,
    0x11, 0x11, 0x11, 0x11, 0x11, 0x22, 0x22, 0x22, 0x21, 0x11, 0x11, 0x3f, 0x5c, 0xdd, 0xf2, 0x32,
    0x11, 0x11, 0x11, 0x11, 0x11, 0x22, 0x33, 0xff, 0x5f, 0x76, 0x67, 0x65, 0x55, 0x66, 0x67, 0xbb,
    0x66, 0x68, 0x68, 0xcc, 0x68, 0x47, 0xdf, 0x76, 0x56, 0x66, 0x56, 0xcb, 0x6b, 0xbb, 0xb6, 0x56,
    0x6b, 0xdd, 0x66, 0xb8, 0xbb, 0x75, 0x5b, 0x5b, 0x56, 0x66, 0x66, 0x85, 0x58, 0x6c, 0x12, 0x11,
    0x11, 0x11, 0x22, 0x22, 0x66, 0xb7, 0x7c, 0x77, 0x65, 0x67, 0x67, 0x32, 0x21, 0x11, 0x11, 0x11,
    0x11, 0x11, 0x31, 0x11, 0x11, 0x11, 0x3b, 0xf6, 0x6c, 0xdc, 0x76, 0x5f, 0x11, 0x11, 0x12, 0x12,
    0x22, 0x22, 0x31, 0x11, 0x11, 0x11, 0x11, 0x12, 0x31, 0x11, 0x21, 0x12, 0x23, 0x21, 0x11, 0x11,
    0x12, 0x23, 0x22, 0x1a, 0x21, 0x2f, 0x32, 0x11, 0x11, 0x11, 0x12, 0x22, 0x23, 0x22, 0x22, 0x21,
    0x11, 0x11, 0x11, 0x1f, 0x36, 0x6d, 0xf2, 0x32, 0x22, 0x11, 0x11, 0x11, 0x11, 0x33, 0xff, 0xef,
    0xff, 0x9f, 0xfd, 0x7a, 0xdf, 0xff, 0xff, 0xff, 0xff, 0xff, 0xff, 0xff, 0xfe, 0xff, 0xb6, 0xff,
    0xff, 0xf8, 0x66, 0x6b, 0xbb, 0xbb, 0x66, 0x65, 0x6b, 0xdb, 0x66, 0x65, 0x7b, 0xd7, 0xb7, 0x66,
    0x87, 0x66, 0x68, 0x55, 0x55, 0x7b, 0x23, 0x22, 0x11, 0x11, 0x23, 0x32, 0x6b, 0xd7, 0x5c, 0x5c,
    0x78, 0x68, 0x57, 0x5b, 0x6b, 0xd5, 0x21, 0x11, 0x11, 0x22, 0x52, 0x11, 0x12, 0x38, 0xbb, 0x7c,
    0xb7, 0xb8, 0x5d, 0x31, 0x11, 0x11, 0x11, 0x12, 0x22, 0x22, 0x32, 0x32, 0x11, 0x11, 0x11, 0x12,
    0x51, 0x11, 0x22, 0x12, 0x23, 0x21, 0x22, 0x11, 0x22, 0x22, 0xe1, 0x2d, 0x12, 0x42, 0x21, 0x11,
    0x13, 0x99, 0x33, 0x21, 0x11, 0x11, 0x11, 0x11, 0x11, 0x12, 0x12, 0x11, 0x67, 0xbc, 0x44, 0xc6,
    0xcf, 0xc4, 0x74, 0x44, 0x42, 0x11, 0x11, 0x11, 0x11, 0x11, 0x11, 0x11, 0x11, 0x11, 0x11, 0x11,
    0x11, 0x11, 0x11, 0x11, 0x22, 0x21, 0x33, 0x12, 0x22, 0x3f, 0xef, 0xff, 0xff, 0xff, 0xff, 0xff,
    0xff, 0xff, 0xff, 0xcf, 0x67, 0xc6, 0xc7, 0x67, 0x66, 0x65, 0x65, 0x65, 0x56, 0xb7, 0x57, 0xbd,
    0x64, 0x5b, 0xdd, 0x76, 0xcc, 0xc6, 0x77, 0xc6, 0x78, 0x87, 0x87, 0x77, 0xcd, 0x5b, 0xb8, 0xcd,
    0xd8, 0xdb, 0xc6, 0x4c, 0xdd, 0xca, 0xd7, 0xb7, 0xbd, 0xbb, 0xf2, 0x11, 0x11, 0x11, 0x11, 0x11,
    0x11, 0x11, 0x11, 0x13, 0xff, 0xf1, 0x11, 0x11, 0x22, 0x21, 0x12, 0x13, 0x32, 0x21, 0x11, 0x22,
    0x33, 0x38, 0x34, 0xc2, 0xff, 0x32, 0x4f, 0xc5, 0x23, 0x21, 0x22, 0x22, 0xfc, 0xff, 0xf3, 0x32,
    0x22, 0x21, 0x21, 0x22, 0x1f, 0x84, 0x48, 0xdb, 0x34, 0x43, 0xd7, 0xfb, 0x54, 0x35, 0x34, 0x33,
    0x37, 0xfe, 0xfc, 0xcd, 0xd4, 0x8c, 0xb7, 0xb5, 0x87, 0x8c, 0x68, 0x43, 0xc5, 0xb5, 0x6c, 0x52,
    0x21, 0x11, 0x11, 0x11, 0x11, 0x11, 0x11, 0x11, 0x11, 0x11, 0x12, 0x22, 0x66, 0xdb, 0x86, 0xc6,
    0x76, 0x64, 0x46, 0x65, 0x58, 0x66, 0x6b, 0x6b, 0x66, 0xcb, 0xec, 0x64, 0xbc, 0x77, 0x76, 0x8b,
    0xcd, 0x67, 0x35, 0x5d, 0x8b, 0xdb, 0xc8, 0xcf, 0xc8, 0x6c, 0xfe, 0x6c, 0x8c, 0x6d, 0x7c, 0xdd,
    0x7d, 0xa3, 0x11, 0x11, 0x11, 0x11, 0x11, 0x11, 0x11, 0x11, 0x11, 0x11, 0x12, 0x23, 0x2f, 0x21,
    0x12, 0x3f, 0x23, 0x2e, 0x11, 0x11, 0x12, 0x33, 0x22, 0x22, 0x22, 0x13, 0x5d, 0xd5, 0x22, 0x12,
    0x11, 0x11, 0x11, 0x11, 0x11, 0x11, 0x12, 0x23, 0x53, 0x32, 0x22, 0x22, 0x1f, 0xa8, 0xe6, 0x92,
    0x22, 0x11, 0x21, 0x11, 0x11, 0x11, 0x11, 0x12, 0x23, 0x3c, 0xbd, 0xc8, 0xca, 0x8b, 0xb7, 0xb8,
    0x5c, 0x87, 0x87, 0x7c, 0x5d, 0x44, 0xbf, 0xfb, 0x34, 0xff, 0x54, 0x34, 0xdf, 0xa7, 0x76, 0xff,
    0x48, 0xfd, 0x6c, 0xdc, 0xcc, 0xc5, 0x77, 0x66, 0x66, 0x56, 0x65, 0x54, 0x68, 0x76, 0x75, 0x8c,
    0x56, 0xb7, 0x44, 0xff, 0xfb, 0xd3, 0x7f, 0xb7, 0x77, 0x7d, 0xdb, 0xbd, 0x8b, 0xb7, 0x56, 0x7c,
    0xdf, 0x86, 0xdb, 0xbf, 0x65, 0x66, 0x7d, 0x7c, 0xc6, 0x31, 0x11, 0x11, 0x11, 0x11, 0x11, 0x11,
    0x11, 0x11, 0x11, 0x11, 0x11, 0x11, 0x13, 0xf4, 0x32, 0x23, 0xf2, 0x23, 0x22, 0x33, 0x31, 0x11,
    0x11, 0x11, 0x3f, 0x4f, 0xa3, 0x2a, 0x34, 0x23, 0x31, 0x11, 0x11, 0x11, 0x11, 0x11, 0x11, 0x12,
    0x11, 0x12, 0x32, 0x21, 0x1f, 0xb7, 0xe6, 0x76, 0xdf, 0x7b, 0x33, 0x55, 0x53, 0x35, 0x65, 0xd5,
    0x66, 0x76, 0x66, 0x64, 0x6c, 0x6b, 0x55, 0x6b, 0xb6, 0xc6, 0xc6, 0x8b, 0x63, 0x22, 0x22, 0x11,
    0x11, 0x12, 0x22, 0x2c, 0xcc, 0x68, 0xc6, 0x64, 0xcf, 0xcc, 0x8c, 0xdd, 0xcc, 0x76, 0x66, 0x87,
    0x66, 0x66, 0x64, 0x56, 0x66, 0x86, 0x66, 0x87, 0x23, 0x31, 0x11, 0x21, 0x11, 0x11, 0x11, 0x11,
    0x11, 0x11, 0x11, 0x11, 0x12, 0x23, 0x33, 0x32, 0x32, 0x23, 0x22, 0x52, 0x52, 0x67, 0x88, 0x7c,
    0xb3, 0x11, 0x12, 0x22, 0x12, 0x22, 0x11, 0x11, 0x11, 0x11, 0x11, 0x11, 0x11, 0x12, 0x22, 0x12,
    0x3f, 0xf2, 0x23, 0x63, 0xf3, 0x33, 0x22, 0x11, 0xf4, 0x44, 0x43, 0x22, 0x22, 0x31, 0x23, 0xff,
    0x34, 0xb2, 0x21, 0x11, 0x11, 0x11, 0x11, 0x11, 0x11, 0x21, 0x11, 0x22, 0x1f, 0x87, 0x8c, 0xcc,
    0xdc, 0x66, 0xbd, 0xcb, 0xb6, 0x6c, 0xff, 0xfc, 0x6f, 0xff, 0x9f, 0xff, 0x6f, 0xff, 0xe6, 0xef,
    0xc8, 0xcc, 0x6c, 0x88, 0xb7, 0x77, 0xb3, 0x35, 0xf5, 0x32, 0xff, 0xff, 0x33, 0x8f, 0xff, 0x34,
    0xe6, 0xcb, 0xbd, 0xb8, 0x8c, 0x68, 0x58, 0x74, 0x66, 0x66, 0x65, 0x65, 0x56, 0x66, 0x65, 0x56,
    0x65, 0xc4, 0xd7, 0x33, 0x33, 0xfb, 0x53, 0x33, 0xf3, 0x21, 0x32, 0x11, 0x12, 0x11, 0x11, 0x11,
    0x11, 0x11, 0x35, 0xb8, 0xc8, 0xbc, 0xd7, 0x8b, 0x31, 0x11, 0x11, 0x11, 0x21, 0x22, 0x22, 0x22,
    0x22, 0x33, 0x33, 0xbf, 0x35, 0xf5, 0xf5, 0xd5, 0x44, 0x43, 0x37, 0xff, 0x11, 0x12, 0x12, 0x22,
    0xdf, 0xf4, 0x11, 0x23, 0x11, 0x31, 0x11, 0x11, 0x22, 0x29, 0x42, 0x22, 0x21, 0x11, 0x11, 0x11,
    0x11, 0x11, 0x21, 0x11, 0xfb, 0xb6, 0x7c, 0x7c, 0x7c, 0x74, 0xff, 0xf3, 0x55, 0xff, 0x33, 0x11,
    0x11, 0x11, 0x11, 0x11, 0x11, 0x11, 0x11, 0x22, 0x35, 0x58, 0xbc, 0x68, 0x66, 0x77, 0xcc, 0x8b,
    0x22, 0x11, 0x11, 0x11, 0x11, 0x12, 0x22, 0x3d, 0x26, 0xbc, 0xcb, 0xbd, 0x67, 0x66, 0x68, 0x66,
    0x66, 0x46, 0x66, 0x66, 0x66, 0x67, 0x67, 0x68, 0x57, 0xdc, 0xbb, 0x64, 0x6b, 0xed, 0xc4, 0x46,
    0xff, 0x43, 0x43, 0x33, 0x5f, 0x33, 0x33, 0xff, 0x53, 0x4b, 0x8b, 0x7c, 0x6c, 0xcd, 0x8a, 0x88,
    0x31, 0x11, 0x11, 0x11, 0x11, 0x11, 0x12, 0x13, 0x3f, 0x33, 0x32, 0x22, 0x22, 0x21, 0x12, 0x3f,
    0x21, 0x13, 0x35, 0x2b, 0x74, 0x31, 0x11, 0x11, 0xdc, 0xd3, 0x22, 0x23, 0x12, 0x23, 0x11, 0x11,
    0x11, 0x11, 0x22, 0x2e, 0x22, 0x11, 0x11, 0x11, 0x11, 0x11, 0x12, 0x12, 0xcb, 0xc8, 0x8b, 0x8c,
    0x6c, 0x2f, 0x72, 0x11, 0x11, 0x11, 0x11, 0x23, 0x3f, 0xfd, 0x64, 0x4b, 0xf7, 0xb8, 0xbc, 0x77,
    0x6c, 0xb6, 0x66, 0x56, 0x55, 0x68, 0xb8, 0xc6, 0x66, 0xdf, 0xf3, 0x38, 0xff, 0x74, 0x47, 0x67,
    0xff, 0xbb, 0xcd, 0xcb, 0x6c, 0x66, 0x64, 0x46, 0x65, 0x56, 0x66, 0x55, 0x56, 0x66, 0x66, 0x6c,
    0x77, 0x77, 0x8b, 0x7c, 0xb6, 0x63, 0x33, 0x33, 0x33, 0x9b, 0xb4, 0x45, 0xff, 0x5f, 0xff, 0x33,
    0xa4, 0x7d, 0xbb, 0xcb, 0xcb, 0xbd, 0xc6, 0x87, 0x31, 0x11, 0x11, 0x11, 0x12, 0x22, 0xf2, 0x21,
    0x11, 0x11, 0x11, 0x11, 0x12, 0x21, 0x33, 0x21, 0x11, 0x32, 0x21, 0x31, 0x58, 0xcf, 0xf3, 0x11,
    0xdd, 0xb1, 0x22, 0x22, 0x22, 0x22, 0x11, 0x11, 0x11, 0x11, 0x22, 0x22, 0x32, 0x11, 0x11, 0x11,
    0x11, 0x11, 0x11, 0x14, 0x5b, 0xbb, 0x6c, 0x86, 0x6c, 0xbf, 0x78, 0xb7, 0xfb, 0x33, 0x31, 0x11,
    0x22, 0x27, 0x68, 0x6b, 0x66, 0x55, 0xb8, 0xb6, 0xc8, 0x67, 0x66, 0x55, 0x78, 0x88, 0x87, 0x75,
    0x6b, 0xbb, 0x67, 0x6d, 0xdf, 0xdb, 0xbd, 0xb7, 0xff, 0xbb, 0xdd, 0xdc, 0x67, 0x78, 0x85, 0x66,
    0x56, 0x66, 0x65, 0x55, 0x55, 0x56, 0xb7, 0xbb, 0xdb, 0xb5, 0x75, 0xbd, 0xcb, 0x63, 0x23, 0x32,
    0x22, 0x23, 0x22, 0x32, 0x11, 0x11, 0x1c, 0x22, 0x38, 0xdb, 0x68, 0xcc, 0x6c, 0x6b, 0xcc, 0xc4,
    0x31, 0x11, 0x11, 0x12, 0x23, 0x31, 0x11, 0x11, 0x11, 0x11, 0x11, 0x11, 0x12, 0x3d, 0x22, 0x11,
    0x12, 0x32, 0x11, 0x31, 0x2f, 0xdf, 0xb7, 0xb1, 0xff, 0xf1, 0x12, 0x32, 0x22, 0x21, 0x31, 0x11,
    0x11, 0x11, 0x11, 0x11, 0x12, 0x32, 0x11, 0x11, 0x11, 0x11, 0x1f, 0xff, 0xcc, 0xdb, 0x7c, 0x66,
    0x8b, 0xb6, 0x66, 0xb4, 0x41, 0x11, 0x11, 0x1f, 0xf3, 0x47, 0xbc, 0xcb, 0x7c, 0x67, 0x77, 0x7b,
    0xc7, 0x6c, 0x66, 0x67, 0x6c, 0x87, 0x75, 0x57, 0xc7, 0x6d, 0x4f, 0xfe, 0x4f, 0xff, 0xff, 0xff,
    0xfd, 0xff, 0xff, 0xeb, 0xf8, 0x78, 0xc6, 0xb6, 0x66, 0x86, 0x66, 0xf6, 0xaf, 0xff, 0xff, 0xff,
    0xff, 0xff, 0xdf, 0xfc, 0xd8, 0x68, 0x64, 0x33, 0x22, 0x21, 0x11, 0x11, 0x12, 0xdd, 0x6c, 0x8b,
    0xd4, 0xff, 0x66, 0x68, 0xfb, 0x54, 0x87, 0x8b, 0xb1, 0x11, 0x22, 0x23, 0x22, 0x21, 0x11, 0x11,
    0x11, 0x11, 0x11, 0x12, 0xf3, 0x32, 0x11, 0x11, 0x1f, 0x22, 0x21, 0x22, 0x1f, 0xfb, 0xbd, 0xed,
    0xfd, 0x11, 0x21, 0x32, 0x22, 0x21, 0x21, 0x11, 0x11, 0x11, 0x11, 0x12, 0x11, 0x12, 0x21, 0x11,
    0x11, 0x1f, 0xdb, 0xbe, 0xdd, 0xb5, 0xb4, 0x3b, 0xfd, 0xf3, 0x35, 0x53, 0x33, 0xf3, 0xff, 0xf3,
    0x55, 0x33, 0xbf, 0xd6, 0x67, 0x76, 0x6b, 0xd6, 0x88, 0x76, 0x66, 0x66, 0x58, 0xb8, 0x87, 0x47,
    0x56, 0x42, 0x33, 0x21, 0x11, 0x12, 0x11, 0x11, 0x11, 0x12, 0x22, 0x3d, 0x2b, 0x68, 0x75, 0x88,
    0x68, 0xc6, 0x5f, 0x28, 0x31, 0x21, 0x11, 0x11, 0x11, 0x11, 0x22, 0x3b, 0x87, 0x8b, 0xc8, 0xcb,
    0xfb, 0x6b, 0xcb, 0xdb, 0xdb, 0xdb, 0xbe, 0xcd, 0xbe, 0xc1, 0x62, 0x11, 0x11, 0x13, 0x13, 0x3f,
    0xd5, 0x11, 0x32, 0x22, 0x11, 0x11, 0x11, 0x11, 0x11, 0x11, 0x12, 0xff, 0x21, 0x11, 0x11, 0x11,
    0x32, 0x12, 0x22, 0x23, 0x22, 0x24, 0xcd, 0xdd, 0xfd, 0xd1, 0x12, 0x22, 0x22, 0x22, 0x23, 0x11,
    0x11, 0x11, 0x11, 0x11, 0x11, 0x11, 0x21, 0x11, 0xbf, 0xbb, 0xed, 0x8c, 0xdb, 0xa1, 0x32, 0x11,
    0x11, 0x11, 0x11, 0x11, 0x11, 0x22, 0x11, 0x11, 0x11, 0x21, 0x22, 0x2e, 0xbd, 0x78, 0x68, 0x67,
    0x77, 0x66, 0x64, 0x65, 0x4b, 0x86, 0x55, 0x5d, 0x43, 0xff, 0x4f, 0x33, 0x4d, 0x75, 0xdb, 0xd7,
    0xb8, 0xcc, 0xdd, 0xb6, 0xd7, 0xb7, 0x66, 0x88, 0x68, 0x68, 0x66, 0x7c, 0x6b, 0x55, 0x88, 0xd4,
    0x4f, 0xb8, 0xbf, 0xc6, 0x77, 0x68, 0x88, 0x87, 0x8d, 0x8a, 0x8b, 0xdb, 0xdc, 0x8c, 0xde, 0xc6,
    0xdb, 0x74, 0x4b, 0xfd, 0xf4, 0xcf, 0x86, 0x8c, 0xc5, 0x41, 0x21, 0x11, 0x11, 0x11, 0x11, 0x11,
    0x11, 0x11, 0x2c, 0x21, 0x11, 0x11, 0x11, 0x11, 0x31, 0x12, 0x22, 0x13, 0x21, 0x12, 0xeb, 0xdd,
    0xdd, 0xbd, 0x78, 0x11, 0x11, 0x12, 0x22, 0x21, 0x11, 0x11, 0x11, 0x11, 0x11, 0x11, 0x1c, 0xfd,
    0xde, 0x76, 0xdc, 0xb7, 0xd7, 0x76, 0x78, 0x7d, 0xff, 0xfb, 0x43, 0x32, 0x11, 0x11, 0x23, 0x76,
    0x65, 0x55, 0xbd, 0xbb, 0x7b, 0xd7, 0x68, 0x66, 0x87, 0x68, 0x56, 0x66, 0x66, 0x68, 0x52, 0x22,
    0x11, 0x11, 0x11, 0x11, 0x12, 0x22, 0xf7, 0x67, 0xcb, 0xcc, 0xcc, 0x78, 0xdb, 0xc7, 0x65, 0x57,
    0x67, 0x65, 0x67, 0x6c, 0x67, 0x66, 0x66, 0xd6, 0xdf, 0x84, 0xfd, 0x8f, 0x87, 0x67, 0xdd, 0xd7,
    0x7d, 0xdb, 0xee, 0xfd, 0xed, 0xff, 0xbb, 0xbb, 0x7c, 0x8b, 0xcc, 0x6c, 0xdb, 0x6b, 0xbc, 0xcb,
    0x7b, 0xff, 0x11, 0x11, 0x12, 0x11, 0x11, 0x11, 0x11, 0x2f, 0x31, 0x11, 0x11, 0x11, 0x11, 0x13,
    0x11, 0x22, 0x22, 0x23, 0x21, 0x11, 0x3b, 0xdd, 0xdc, 0xcd, 0xcc, 0x73, 0x34, 0x31, 0x11, 0x11,
    0x11, 0x11, 0x11, 0x11, 0x38, 0x36, 0xed, 0xbd, 0xdd, 0xbd, 0x8b, 0xbc, 0x68, 0xcf, 0xb8, 0x8c,
    0xfd, 0xdc, 0x78, 0x85, 0x65, 0x5f, 0x66, 0x58, 0x65, 0x76, 0xbc, 0xb6, 0xd7, 0x86, 0x86, 0x65,
    0x78, 0x66, 0x86, 0x56, 0x66, 0x67, 0x74, 0x55, 0x66, 0xb5, 0x35, 0x54, 0x55, 0x56, 0x56, 0xc7,
    0xca, 0xca, 0xdc, 0xcc, 0xb8, 0xc6, 0x67, 0x67, 0xc6, 0x68, 0x77, 0x78, 0xc7, 0x77, 0x66, 0x62,
    0x31, 0x21, 0x11, 0x11, 0x11, 0x11, 0x11, 0x11, 0x11, 0x11, 0x11, 0x11, 0x12, 0x32, 0x34, 0xdc,
    0x76, 0x77, 0xdd, 0xcc, 0xbe, 0xcc, 0xcc, 0xdb, 0xbb, 0x76, 0x33, 0xf1, 0x11, 0x11, 0x11, 0x11,
    0x23, 0x32, 0x11, 0x11, 0x11, 0x11, 0x11, 0x22, 0x12, 0x22, 0x22, 0x21, 0x31, 0x12, 0x1b, 0xbd,
    0xcd, 0xcd, 0xc8, 0xc7, 0xce, 0xb6, 0x45, 0xcf, 0xff, 0xff, 0xfd, 0x37, 0xb8, 0x8b, 0xbd, 0xbc,
    0xcd, 0xdd, 0x65, 0x2f, 0x43, 0x35, 0xbf, 0xff, 0x44, 0x8d, 0x66, 0x7b, 0xb7, 0xb7, 0x86, 0x66,
    0x66, 0x76, 0x78, 0xcb, 0x75, 0x56, 0x66, 0x66, 0x68, 0x66, 0x86, 0x66, 0x87, 0x77, 0x7c, 0x76,
    0xb7, 0xc6, 0xb8, 0xc5, 0x6c, 0x66, 0x87, 0x88, 0xcc, 0xb8, 0xcd, 0xcc, 0x67, 0x66, 0x76, 0x68,
    0xc7, 0x66, 0x66, 0x7c, 0x68, 0x66, 0xb6, 0xcf, 0xcf, 0xcf, 0xff, 0xff, 0xff, 0xff, 0xff, 0xff,
    0xff, 0xff, 0xff, 0xff, 0xff, 0xc8, 0x3c, 0xff, 0xff, 0xff, 0xbf, 0xff, 0x34, 0xff, 0xed, 0xcd,
    0xcb, 0x48, 0x6d, 0xff, 0xf1, 0x11, 0x11, 0x22, 0x52, 0x11, 0x11, 0x11, 0x11, 0x11, 0x11, 0x31,
    0x22, 0x22, 0x22, 0x21, 0x31, 0x22, 0x11, 0xbb, 0xc8, 0xe8, 0xb6, 0xcc, 0xdb, 0x88, 0x67, 0x7b,
    0xdb, 0xcc, 0xdd, 0x66, 0x66, 0x7d, 0xbd, 0x7b, 0x63, 0x3d, 0x83, 0x33, 0x21, 0x11, 0x11, 0x12,
    0x13, 0x6c, 0xbc, 0xc8, 0x7d, 0xbc, 0x7c, 0xcc, 0x86, 0x56, 0x7b, 0xb7, 0x66, 0x57, 0x58, 0x66,
    0x68, 0x88, 0x86, 0x56, 0x67, 0x68, 0xb8, 0x77, 0xbc, 0x87, 0x67, 0x68, 0x86, 0xb8, 0x6c, 0x67,
    0xb7, 0xdc, 0xb7, 0xc8, 0x6b, 0x66, 0x68, 0x56, 0xb5, 0x67, 0xc5, 0x46, 0xc7, 0x87, 0x7c, 0x67,
    0x68, 0x55, 0x77, 0x66, 0x56, 0x55, 0x67, 0x6c, 0xb7, 0xcd, 0x84, 0xbb, 0xdd, 0x78, 0xb4, 0x11,
    0x11, 0x11, 0x11, 0x11, 0x12, 0x22, 0x32, 0x22, 0xf2, 0xc8, 0x88, 0x8c, 0x4f, 0x33, 0x11, 0x22,
    0x11, 0x11, 0x11, 0x11, 0x11, 0x11, 0x13, 0x11, 0x22, 0x22, 0x22, 0x11, 0x22, 0x22, 0x21, 0xdd,
    0xcd, 0xc7, 0xab, 0xcd, 0xbc, 0xdd, 0xb6, 0x55, 0x8c, 0xbd, 0xb6, 0x6b, 0xb5, 0xdd, 0xad, 0xbb,
    0x6d, 0x2e, 0xaf, 0xef, 0xff, 0xff, 0xff, 0x43, 0x3f, 0xdb, 0xd7, 0xcb, 0xb7, 0xb7, 0x76, 0x66,
    0xc7, 0x67, 0x6b, 0xc7, 0x6c, 0x86, 0x66, 0x86, 0x56, 0x56, 0x66, 0x86, 0x7c, 0x57, 0xc7, 0x75,
    0xc7, 0x75, 0xc7, 0xb5, 0x68, 0x56, 0x5c, 0x6c, 0x67, 0x7d, 0x74, 0xad, 0x7a, 0xde, 0xf7, 0xbe,
    0xa7, 0x67, 0x6c, 0x76, 0x86, 0x7c, 0x67, 0x76, 0x76, 0x67, 0x67, 0x46, 0x48, 0x66, 0x56, 0xb6,
    0xc7, 0x7b, 0xfa, 0x4b, 0x6d, 0xcc, 0xc6, 0x88, 0xbc, 0x64, 0xcc, 0x4e, 0x12, 0x11, 0x22, 0x12,
    0x32, 0xcb, 0x8b, 0xbc, 0x6d, 0x6f, 0x11, 0x11, 0x11, 0x11, 0x11, 0x11, 0x11, 0x11, 0x13, 0x22,
    0x22, 0x22, 0x22, 0x12, 0x22, 0x22, 0x11, 0xbd, 0xdf, 0xf1, 0x11, 0xff, 0xff, 0xff, 0xff, 0xfd,
    0x6c, 0xdf, 0x44, 0xff, 0xe3, 0xf6, 0x47, 0xfc, 0xbb, 0xe2, 0x32, 0x21, 0x11, 0x11, 0x26, 0x4c,
    0xff, 0xfc, 0xfd, 0xbb, 0xc7, 0x78, 0x76, 0x6b, 0x67, 0x66, 0x77, 0x65, 0x65, 0xb6, 0x66, 0x55,
    0x55, 0x66, 0x66, 0x65, 0x68, 0x77, 0x7c, 0xc6, 0x75, 0x67, 0x7c, 0x66, 0x65, 0x56, 0x76, 0x7c,
    0x77, 0x73, 0x12, 0x12, 0x62, 0x11, 0x23, 0xf1, 0x26, 0x7c, 0xc7, 0x88, 0x67, 0x77, 0x67, 0x68,
    0x67, 0x86, 0x87, 0x66, 0x68, 0x86, 0x66, 0xc6, 0x67, 0x75, 0x12, 0x27, 0xb7, 0xcb, 0xbc, 0x77,
    0x88, 0x88, 0x66, 0xe3, 0x34, 0x43, 0x6f, 0xd7, 0x46, 0xdd, 0x7b, 0x7b, 0x7d, 0xbc, 0xaa, 0x46,
    0xea, 0x11, 0x11, 0x11, 0x11, 0x11, 0x22, 0x12, 0x22, 0x22, 0x22, 0x21, 0x22, 0x11, 0x11, 0xbc,
    0xc2, 0x21, 0x11, 0x11, 0x11, 0x12, 0x13, 0x22, 0xdd, 0x82, 0x32, 0x21, 0x11, 0x22, 0x3d, 0x2f,
    0x5c, 0x66, 0x68, 0xb7, 0x83, 0xf2, 0x21, 0x11, 0x11, 0x11, 0x2b, 0x6c, 0x76, 0x7c, 0xb6, 0x66,
    0x65, 0x77, 0x76, 0x67, 0x76, 0x76, 0x76, 0x66, 0x86, 0x66, 0x66, 0x66, 0x87, 0x67, 0x6c, 0x67,
    0x65, 0x57, 0x75, 0x77, 0x65, 0x76, 0x67, 0x65, 0xc7, 0x77, 0x77, 0xb6, 0x77, 0xbb, 0xbb, 0x67,
    0xdd, 0x77, 0x86, 0x86, 0x66, 0x76, 0x65, 0x56, 0x77, 0x57, 0x86, 0x66, 0x66, 0x67, 0x86, 0x67,
    0x8c, 0x77, 0xbb, 0xbb, 0xb7, 0xcc, 0x76, 0x77, 0x86, 0x66, 0x68, 0x67, 0xc5, 0xbc, 0x7d, 0xdd,
    0xcc, 0xbc, 0xcb, 0xcc, 0xbc, 0x86, 0x7d, 0xbd, 0xdd, 0x88, 0xf5, 0xf2, 0x11, 0x11, 0x21, 0x11,
    0x21, 0x12, 0x11, 0x11, 0x1f, 0xff, 0xdd, 0xcd, 0xcb, 0xcd, 0xdd, 0xd8, 0x64, 0xdd, 0xdf, 0xdd,
    0xcd, 0xb7, 0xff, 0xd4, 0xd7, 0x77, 0xcb, 0xbb, 0x88, 0xc8, 0xcb, 0xbc, 0xbb, 0xbd, 0x66, 0xdb,
    0x66, 0x7d, 0xb7, 0xc6, 0x66, 0x65, 0x67, 0x66, 0x87, 0x6c, 0x6c, 0x55, 0x56, 0x76, 0x56, 0x56,
    0x66, 0x86, 0x66, 0x86, 0x87, 0x68, 0xc6, 0xc7, 0x67, 0x66, 0x77, 0x65, 0x57, 0x76, 0x55, 0x77,
    0x7c, 0x77, 0x56, 0xb5, 0x5b, 0x7c, 0xc7, 0x77, 0xbb, 0x66, 0x67, 0x65, 0x66, 0x75, 0x65, 0x67,
    0x66, 0x8c, 0x86, 0x66, 0x66, 0x6c, 0x68, 0x86, 0xbc, 0x6b, 0xb6, 0xc8, 0xc6, 0x87, 0x88, 0x78,
    0x68, 0x67, 0x86, 0x77, 0x68, 0x8c, 0xdd, 0x43, 0xff, 0x84, 0xbd, 0xf7, 0x76, 0x66, 0x6b, 0xdd,
    0xdc, 0x8c, 0x77, 0x7d, 0xd7, 0x43, 0x33, 0x22, 0x22, 0x23, 0x3f, 0x7c, 0x87, 0xdd, 0xdd, 0xdc,
    0xc7, 0xcd, 0xcd, 0xd6, 0x66, 0xdd, 0xfd, 0xcc, 0x7d, 0xff, 0xfd, 0xbc, 0x78, 0x6d, 0xdd, 0xd8,
    0xbc, 0x88, 0xbb, 0xdd, 0x7d, 0x8b, 0x7b, 0xc7, 0xbb, 0xbb, 0x77, 0xb6, 0xbc, 0x78, 0x86, 0x5c,
    0x56, 0x67, 0x85, 0x58, 0x57, 0x66, 0x68, 0x56, 0x66, 0x66, 0x66, 0x67, 0x54, 0x67, 0x66, 0x56,
    0x76, 0x76, 0x67, 0x66, 0x66, 0x56, 0x65, 0x67, 0x77, 0x66, 0x75, 0x67, 0x57, 0x86, 0x78, 0x76,
    0x67, 0x76, 0x66, 0x56, 0x67, 0x56, 0x66, 0x56, 0x66, 0x67, 0x68, 0x66, 0x66, 0x66, 0x66, 0x66,
    0x86, 0xc8, 0x86, 0xcb, 0xb6, 0x67, 0x76, 0x67, 0x66, 0x88, 0x66, 0x58, 0x65, 0xca, 0xd2, 0x13,
    0x21, 0x11, 0x12, 0x23, 0x12, 0x3c, 0xfd, 0xcd, 0x86, 0x77, 0xdd, 0xd8, 0x67, 0x86, 0x6b, 0x6c,
    0xcb, 0xb6, 0x67, 0xdb, 0xb7, 0xbb, 0xb7, 0xcc, 0xcc, 0xcc, 0x6c, 0x88, 0xfd, 0xcb, 0xbb, 0xbb,
    0xdf, 0xdc, 0x88, 0xb7, 0x77, 0x78, 0xcc, 0x6b, 0xcd, 0xcc, 0xcb, 0x7c, 0x68, 0x8b, 0x67, 0xbb,
    0x7b, 0xbd, 0x56, 0xb6, 0xc7, 0x67, 0x77, 0x68, 0x6c, 0x67, 0x56, 0x57, 0x68, 0x65, 0x66, 0x76,
    0x66, 0x76, 0x67, 0x75, 0x87, 0x67, 0x86, 0x58, 0x66, 0x76, 0x6c, 0x6c, 0x67, 0x76, 0x66, 0x67,
    0x75, 0x65, 0x77, 0x66, 0x76, 0x7c, 0x76, 0x6c, 0x66, 0x85, 0x75, 0x86, 0x66, 0x56, 0x67, 0x57,
    0x55, 0x66, 0x47, 0x86, 0x66, 0x66, 0x66, 0x66, 0x77, 0xdc, 0xc8, 0xc8, 0x68, 0x67, 0x68, 0x66,
    0x68, 0x68, 0x67, 0x76, 0x56, 0x7f, 0x63, 0xff, 0xff, 0xff, 0x33, 0x33, 0x33, 0x52, 0x2f, 0x64,
    0x46, 0x5b, 0xdb, 0xb4, 0x67, 0xc8, 0x66, 0x8c, 0xcd, 0xc6, 0x6c, 0xbd, 0xcc, 0xbb, 0x88, 0xbd,
    0xcb, 0xcc, 0x22, 0x22, 0x11, 0x11, 0x11, 0x11, 0x12, 0x81, 0x2f, 0x73, 0x2b, 0x77, 0xcc, 0xdc,
    0xbb, 0x8d, 0xbb, 0x22, 0xcc, 0xd6, 0xb6, 0x76, 0xc6, 0x56, 0x7b, 0x67, 0xc7, 0x76, 0x68, 0x66,
    0xc6, 0x76, 0x66, 0x88, 0x57, 0x76, 0x77, 0x85, 0x86, 0x56, 0x76, 0x66, 0x67, 0x76, 0x67, 0x86,
    0x65, 0x66, 0x8c, 0x67, 0x66, 0x66, 0x65, 0x76, 0x8c, 0x7c, 0x75, 0x5c, 0x75, 0x66, 0xc7, 0x76,
    0xc7, 0x65, 0xc6, 0x65, 0x56, 0x66, 0x65, 0x45, 0x66, 0x67, 0x56, 0x66, 0x66, 0x86, 0x66, 0x66,
    0x77, 0x76, 0x76, 0x76, 0x67, 0x57, 0x66, 0x66, 0x66, 0x66, 0x66, 0x7b, 0x62, 0x22, 0x11, 0x11,
    0x11, 0x11, 0x12, 0x22, 0xb3, 0xff, 0xb4, 0x12, 0x11, 0x12, 0x21, 0x24, 0x36, 0xdf, 0xb6, 0x88,
    0x88, 0x68, 0xcb, 0xbd, 0xd6, 0xbd, 0x7c, 0xcb, 0xcc, 0x7d, 0x75, 0x5b, 0x7c, 0xbc, 0x48, 0xb7,
    0x66, 0xdb, 0xb6, 0x66, 0xd5, 0x87, 0x6b, 0xb7, 0xc6, 0x6d, 0xbb, 0xb6, 0xc7, 0xc7, 0xc7, 0xb8,
    0x76, 0x7c, 0x87, 0x68, 0x65, 0x86, 0x76, 0x74, 0x6c, 0x66, 0x67, 0x88, 0x65, 0x58, 0x7c, 0x57,
    0x66, 0x66, 0x66, 0x65, 0x6c, 0x78, 0x75, 0x56, 0x65, 0x87, 0x66, 0x56, 0xb5, 0x56, 0x77, 0x66,
    0xb6, 0xb5, 0x67, 0x75, 0x66, 0x67, 0x77, 0x67, 0x77, 0x68, 0x55, 0x66, 0x56, 0x65, 0x66, 0x56,
    0x46, 0x77, 0x66, 0x86, 0x66, 0x55, 0x66, 0x76, 0x76, 0xc6, 0x7c, 0x7c, 0x77, 0x78, 0x76, 0x66,
    0x66, 0x88, 0x66, 0x76, 0xb6, 0x55, 0xbb, 0x74, 0x6b, 0xbb, 0x99, 0x6a, 0xbd, 0xdc, 0x67, 0x84,
    0xbf, 0x6b, 0xf6, 0x33, 0x31, 0x23, 0x3b, 0x64, 0x45, 0xb3, 0x33, 0x21, 0x22, 0x22, 0xb7, 0xb7,
    0xc6, 0xbb, 0x7b, 0xbd, 0xbd, 0xcb, 0xcb, 0xbc, 0x7c, 0xcb, 0xb6, 0x7c, 0xb8, 0x86, 0x58, 0x6b,
    0x7b, 0x7c, 0xb7, 0xbc, 0xbc, 0x65, 0xbb, 0x78, 0x65, 0x6c, 0x7c, 0x65, 0x8c, 0x75, 0x65, 0x86,
    0xb6, 0x56, 0x56, 0x76, 0x86, 0x87, 0x65, 0x58, 0x67, 0x65, 0x66, 0x76, 0x6c, 0x76, 0x77, 0x66,
    0x65, 0x57, 0x66, 0x66, 0x65, 0x65, 0x67, 0x76, 0x77, 0xc5, 0x67, 0x66, 0x55, 0x66, 0x75, 0x5c,
    0x7c, 0x65, 0x86, 0x66, 0x67, 0x66, 0x58, 0x56, 0x56, 0x57, 0x56, 0x75, 0x66, 0x66, 0x76, 0x74,
    0x57, 0x65, 0x77, 0x7c, 0x67, 0x67, 0x66, 0x85, 0x67, 0x66, 0x67, 0x7c, 0x65, 0x5b, 0xb7, 0xbd,
    0xbc, 0xb7, 0xbc, 0xc7, 0xdd, 0xbd, 0x7b, 0x6c, 0xc6, 0x3d, 0x22, 0x11, 0x11, 0x11, 0x11, 0x11,
    0x11, 0x12, 0x22, 0x23, 0x36, 0xfb, 0xc8, 0x7d, 0xc6, 0xd8, 0x5b, 0xd7, 0xcb, 0xb8, 0xb7, 0xd7,
    0xdc, 0x7b, 0xcd, 0x87, 0xba, 0x78, 0x68, 0x7c, 0x67, 0xbc, 0xba, 0xbd, 0xb8, 0xdb, 0xb7, 0x6c,
    0x8b, 0xcc, 0xcc, 0x88, 0xc6, 0x66, 0x47, 0x66, 0x56, 0x56, 0x76, 0x54, 0x58, 0x77, 0x6c, 0x85,
    0x66, 0x86, 0x58, 0x66, 0x85, 0x87, 0x86, 0x75, 0x65, 0x75, 0x76, 0x65, 0x85, 0xc5, 0x75, 0xcc,
    0xcc, 0x77, 0x55, 0xc6, 0x58, 0x67, 0x7c, 0x75, 0x85, 0xc8, 0x76, 0x66, 0x65, 0x78, 0x56, 0x67,
    0x66, 0x65, 0x86, 0x56, 0x56, 0x66, 0x65, 0x65, 0x67, 0x8c, 0x65, 0x55, 0x77, 0x56, 0x5c, 0x6c,
    0x57, 0x76, 0x55, 0x76, 0x7c, 0x8d, 0x56, 0x57, 0xc7, 0xbb, 0x87, 0x6d, 0xe7, 0x7c, 0x87, 0xdd,
    0xd6, 0xc7, 0x44, 0xed, 0xff, 0xff, 0xf3, 0xf3, 0xff, 0xff, 0x7d, 0xd4, 0x6b, 0xbb, 0x6b, 0x8b,
    0xcb, 0xa6, 0xc6, 0x6b, 0xbb, 0x8c, 0xba, 0xc6, 0x7b, 0xdb, 0xaa, 0x8b, 0x7c, 0x75, 0x75, 0x66,
    0x67, 0xbc, 0xbd, 0x6b, 0x8b, 0xbd, 0x6b, 0xb8, 0xc6, 0xcc, 0x68, 0xc7, 0x67, 0xb7, 0x66, 0x67,
    0x77, 0x85, 0x75, 0x68, 0x76, 0x67, 0x85, 0x55, 0x66, 0x86, 0x76, 0x66, 0x78, 0x76, 0x67, 0x75,
    0x68, 0x56, 0x56, 0x66, 0x55, 0x56, 0x77, 0x67, 0x66, 0x66, 0x78, 0xc5, 0x57, 0x77, 0x66, 0x67,
    0x66, 0x65, 0x66, 0x66, 0x56, 0x66, 0x57, 0x66, 0x57, 0x56, 0x65, 0xc7, 0x56, 0x87, 0x68, 0x86,
    0x85, 0x75, 0x67, 0x76, 0x68, 0x86, 0x66, 0xc8, 0x68, 0x57, 0x66, 0x55, 0x8c, 0x76, 0x7b, 0xc7,
    0x6c, 0x7c, 0x8b, 0x86, 0x7c, 0x8c, 0xbb, 0xbe, 0xcd, 0xb4, 0x8d, 0xff, 0xcc, 0xbc, 0x7b, 0xcc,
    0xcc, 0x6c, 0x8b, 0xcb, 0xdb, 0x7d, 0x8b, 0x7b, 0x78, 0xd7, 0xb8, 0xdb, 0xb8, 0x5c, 0xc8, 0x7d,
    0x86, 0x8c, 0xc8, 0xc7, 0x87, 0x88, 0x77, 0x66, 0xb6, 0xa7, 0x6b, 0x8b, 0xcc, 0xbc, 0xdb, 0x75,
    0xc7, 0x78, 0x76, 0x66, 0x66, 0x76, 0x65, 0x57, 0x65, 0x76, 0x58, 0x66, 0x75, 0x67, 0x67, 0x76,
    0x56, 0x76, 0x66, 0x65, 0x55, 0x66, 0x77, 0x87, 0xcb, 0x86, 0x66, 0x67, 0x67, 0x76, 0x56, 0x67,
    0x76, 0x66, 0x55, 0x67, 0x68, 0x75, 0x76, 0xc5, 0x87, 0x67, 0x66, 0x67, 0x76, 0x76, 0x65, 0x66,
    0x75, 0x87, 0x67, 0x66, 0x66, 0x56, 0x67, 0x66, 0x57, 0x76, 0x55, 0x66, 0x6c, 0x67, 0xc5, 0x56,
    0x66, 0x66, 0x86, 0x66, 0x66, 0x66, 0xc6, 0x76, 0x7c, 0x8c, 0x66, 0xbf, 0x8f, 0xff, 0xff, 0xff,
    0xff, 0xff, 0xff, 0xfd, 0xf8, 0x76, 0xdc, 0xcb, 0xdc, 0x8c, 0xbc, 0xcd, 0xcd, 0x88, 0x87, 0xc6,
    0x87, 0x8b, 0x8c, 0xcb, 0xb6, 0x8c, 0x67, 0xb5, 0x8b, 0xc7, 0xb8, 0xc8, 0x6c, 0x7c, 0x57, 0x6b,
    0x75, 0xcb, 0xa7, 0x7c, 0xc8, 0x67, 0xa8, 0x87, 0x7c, 0x8c, 0x67, 0x67, 0x86, 0x86, 0x66, 0x67,
    0x67, 0x86, 0x75, 0x66, 0x68, 0x77, 0xb7, 0x86, 0x66, 0x56, 0x86, 0x66, 0x76, 0x56, 0x78, 0x67,
    0x67, 0x67, 0x77, 0x76, 0x66, 0x56, 0x57, 0x78, 0x86, 0x76, 0x65, 0x86, 0x66, 0x65, 0x66, 0x67,
    0x76, 0x58, 0x66, 0x66, 0x65, 0x56, 0x84, 0x5c, 0x57, 0x66, 0xc8, 0x75, 0x57, 0x66, 0x56, 0x76,
    0x66, 0x67, 0x66, 0x66, 0xc6, 0x67, 0x66, 0x85, 0x56, 0x76, 0x65, 0x8c, 0x66, 0xc7, 0x5c, 0x76,
    0x67, 0x5c, 0x55, 0x31, 0x51, 0x22, 0x11, 0x11, 0x11, 0x22, 0x22, 0x7e, 0x2a, 0xbc, 0xd8, 0xc8,
    0xcb, 0x7b, 0xc6, 0x78, 0x8d, 0x5c, 0x67, 0x68, 0x76, 0xc8, 0xc7, 0xb6, 0x87, 0x88, 0x6d, 0xc7,
    0xc8, 0xb7, 0x8b, 0x8b, 0x7b, 0x85, 0x56, 0xb6, 0x57, 0x5c, 0xb7, 0xb7, 0xcc, 0x86, 0xbc, 0x65,
    0xc6, 0xb6, 0xc6, 0xc8, 0x85, 0x57, 0x85, 0x6c, 0x78, 0xcc, 0x57, 0x5c, 0x7c, 0x57, 0xc7, 0x75,
    0xc5, 0x55, 0x65, 0x75, 0xbb, 0x86, 0x75, 0xc6, 0x5c, 0x7c, 0x57, 0x6c, 0x75, 0x66, 0xb7, 0x65,
    0x56, 0x66, 0x5c, 0x75, 0x68, 0xc5, 0x76, 0xc7, 0x77, 0x66, 0x56, 0x75, 0x75, 0x68, 0x7c, 0x56,
    0x77, 0x66, 0x75, 0x85, 0xc7, 0xb7, 0x85, 0x86, 0x76, 0x66, 0x66, 0x76, 0x86, 0x6b, 0x66, 0x66,
    0x67, 0xc7, 0x67, 0x67, 0x58, 0xc6, 0x76, 0x67, 0xc7, 0x57, 0x56, 0x75, 0xdd, 0xac, 0xcd, 0x88,
    0x78, 0xbd, 0xab, 0xcb, 0xed, 0x8b, 0x86, 0x67, 0xac, 0xcc, 0xbc, 0xb7, 0x68, 0xbc, 0x8c, 0x7b,
    0xc8, 0x85, 0xb7, 0xbc, 0x78, 0x78, 0xc7, 0x67, 0x77, 0x6c, 0xb7, 0x67, 0x78, 0xb6, 0x65, 0x5c,
    0x8c, 0x6b, 0xcc, 0x7c, 0xc7, 0xc8, 0x7c, 0x58, 0x78, 0x66, 0x75, 0x85, 0x88, 0x67, 0x56, 0x78,
    0x66, 0x54, 0x87, 0x77, 0x57, 0x66, 0x7c, 0x57, 0x68, 0x76, 0x87, 0x87, 0x77, 0x87, 0x77, 0x66,
    0x77, 0xc7, 0x85, 0xb7, 0x76, 0x65, 0x77, 0x5c, 0x56, 0x87, 0xcc, 0x57, 0x7b, 0x86, 0xc6, 0x67,
    0x7c, 0x67, 0xc6, 0x67, 0x86, 0x75, 0x67, 0x76, 0x87, 0x67, 0x57, 0x75, 0x87, 0x65, 0x75, 0x66,
    0x78, 0x67, 0x67, 0xc5, 0x5c, 0xb6, 0x57, 0x88, 0x75, 0x86, 0xb6, 0x7c, 0x76, 0x77, 0x77, 0xc7,
    0x67, 0x75, 0x57, 0x8b, 0xdb, 0xbb, 0xb7, 0xdc, 0x78, 0x77, 0xc6, 0xcc, 0xdc, 0xce, 0xb7, 0x88,
    0xbb, 0x68, 0x8b, 0x78, 0xc8, 0x77, 0x8c, 0x7b, 0xc8, 0x77, 0x78, 0x78, 0x6c, 0xb8, 0x67, 0x6c,
    0x77, 0x8c, 0xd6, 0x78, 0x77, 0xcb, 0x67, 0x66, 0xd7, 0xbc, 0x7c, 0xc7, 0x5c, 0x68, 0x77, 0x8b,
    0x78, 0x68, 0x67, 0xb6, 0x85, 0x77, 0x76, 0x88, 0x76, 0x77, 0x77, 0xcc, 0x67, 0xc8, 0x6c, 0x77,
    0x75, 0x67, 0x77, 0x77, 0x76, 0x86, 0x77, 0xc6, 0xc6, 0x87, 0xc7, 0xcc, 0x78, 0x66, 0x77, 0x7b,
    0x58, 0x6c, 0x77, 0x8c, 0x76, 0x68, 0xcb, 0xc7, 0x67, 0x77, 0x57, 0x77, 0x66, 0x77, 0x6c, 0x8c,
    0x67, 0x76, 0x77, 0x76, 0x77, 0x67, 0x67, 0x65, 0x66, 0x75, 0x86, 0x57, 0x67, 0x76, 0x66, 0x76,
    0x57, 0x67, 0x56, 0x78, 0x86, 0x86, 0x68, 0x7c, 0x86, 0x77, 0x6b, 0x8c, 0xc7, 0xc8, 0x6b, 0x67,
    0xca, 0xc8, 0xa8, 0xc7, 0xed, 0x76, 0xc7, 0xcb, 0x88, 0x76, 0xc8, 0x6c, 0x76, 0x77, 0xc6, 0x8b,
    0xc8, 0xc7, 0x88, 0x66, 0x66, 0x88, 0x66, 0x78, 0x66, 0x86, 0x4c, 0x77, 0x77, 0xc8, 0x65, 0xcc,
    0xcc, 0x88, 0x77, 0xcc, 0xd8, 0xc8, 0x67, 0x67, 0x67, 0xb6, 0xc7, 0x66, 0x67, 0x6c, 0x6b, 0x67,
    0x67, 0x67, 0xdc, 0x57, 0x6c, 0x68, 0x76, 0x76, 0x6c, 0xb7, 0x66, 0x66, 0x68, 0x68, 0x86, 0x8c,
    0x78, 0xc6, 0x87, 0x6c, 0x56, 0x77, 0x76, 0x67, 0x87, 0x86, 0x76, 0xc6, 0x6c, 0x7c, 0x6c, 0x78,
    0x76, 0x6c, 0x77, 0x6c, 0x7c, 0x7b, 0x65, 0xc8, 0x66, 0x66, 0x46, 0x76, 0x66, 0x88, 0xc7, 0x66,
    0x66, 0xc7, 0x76, 0x88, 0x66, 0x67, 0x67, 0x66, 0x66, 0xc7, 0x66, 0x77, 0xc7, 0x87, 0x86, 0x88,
    0x68, 0x67, 0x67, 0xc7, 0x6b, 0x86, 0xbb, 0xcc, 0x7d, 0x78, 0xb7, 0x87, 0x7e, 0xd6, 0xcc, 0x7a,
    0xc8, 0x6c, 0x76, 0x87, 0x68, 0x77, 0xc6, 0xcb, 0xcc, 0xd7, 0x76, 0x66, 0x66, 0x84, 0x65, 0x56,
    0x86, 0xb6, 0xcc, 0x87, 0x6c, 0x76, 0x6c, 0x68, 0x88, 0x7c, 0x6b, 0xc5, 0x5c, 0xab, 0x67, 0x66,
    0x66, 0x66, 0x66, 0x87, 0x78, 0x76, 0x76, 0x88, 0x87, 0x78, 0x7c, 0x78, 0xcc, 0x75, 0x66, 0x6c,
    0x68, 0x76, 0x76, 0x67, 0x58, 0x67, 0xc5, 0xcc, 0xc6, 0x66, 0x68, 0xc7, 0x5b, 0x67, 0x6b, 0x76,
    0x78, 0x86, 0xc7, 0x66, 0x77, 0x76, 0xc7, 0x76, 0x78, 0x66, 0x5c, 0x66, 0x66, 0x86, 0xc7, 0x76,
    0x76, 0x66, 0x68, 0x67, 0x65, 0x87, 0x87, 0x66, 0x85, 0x66, 0x76, 0x76, 0x66, 0x66, 0x88, 0x66,
    0x68, 0x78, 0x78, 0x87, 0x85, 0x77, 0xcc, 0x68, 0xbc, 0x76, 0x56, 0xc8, 0x78, 0x88, 0xbc, 0x7c,
    0xdb, 0xcc, 0xc7, 0x88, 0xcc, 0x8c, 0x78, 0x7c, 0xc6, 0xc8, 0x88, 0x78, 0x86, 0x58, 0x68, 0x8c,
    0x88, 0x88, 0x66, 0x66, 0x66, 0x86, 0x74, 0x66, 0x68, 0x6c, 0x88, 0x76, 0x85, 0x66, 0x86, 0x66,
    0x67, 0x7b, 0x88, 0x66, 0x68, 0xc7, 0x76, 0x86, 0x46, 0x64, 0x78, 0x66, 0x68, 0x86, 0x68, 0x66,
    0x68, 0x77, 0x86, 0x88, 0x67, 0x66, 0x58, 0x78, 0xc8, 0x86, 0x66, 0x87, 0x74, 0x88, 0x67, 0xc8,
    0x7c, 0x78, 0x87, 0x88, 0x77, 0xc6, 0x86, 0xc8, 0x77, 0x78, 0x86, 0x68, 0x87, 0x76, 0x77, 0x75,
    0x66, 0x86, 0x4c, 0x88, 0xc6, 0x66, 0x76, 0x67, 0x66, 0x66, 0x78, 0x76, 0x68, 0x68, 0x78, 0x85,
    0x76, 0x86, 0x76, 0x66, 0x65, 0x66, 0x66, 0x48, 0x78, 0x78, 0x68, 0x86, 0x6c, 0x88, 0x7c, 0x86,
    0x48, 0x86, 0x64, 0x47, 0x88, 0x86, 0x7c, 0xc8, 0xcd, 0xc8, 0x68, 0x87, 0x88, 0x88, 0x84, 0x8c,
    0x87, 0x8c, 0x88, 0x86, 0x87, 0x48, 0x86, 0x88,
};

const lv_image_dsc_t buzzoff_scene_sprite = {
    .header.cf = LV_COLOR_FORMAT_I4,
    .header.w = 240,
    .header.h = 179,
    .header.stride = 120,
    .data_size = sizeof(scene_pixels),
    .data = scene_pixels,
};
